layer_name,num_params,diag_sum,diag_off_diag_ratio,min_eigenvalue,max_eigenvalue,spectral_gap,is_bad_layer,iter_num,checkpoint
transformer.h.0.attn.c_attn.weight,442368,-286.40625,-0.3880962322275103,-60.70679,20.822874,0.34300733,False,250,250_ckpt.pt
transformer.h.0.attn.c_proj.weight,147456,-7.3030068961088546e-06,-0.999999994414394,-65.18765,19.801859,0.30376703,False,250,250_ckpt.pt
transformer.h.0.ln_1.weight,384,0.5198673605918884,-1.819728962416272,-0.13879383,0.049447298,0.35626438,False,250,250_ckpt.pt
transformer.h.0.ln_2.weight,384,-1.4703614711761475,3.306373794301559,-0.033630617,0.010280132,0.30567777,False,250,250_ckpt.pt
transformer.h.0.mlp.c_fc.weight,589824,-6.368891716003418,-0.9952468637731653,-17.20183,10.034418,0.5833343,False,250,250_ckpt.pt
transformer.h.0.mlp.c_proj.weight,589824,0.004488565493375063,-1.0000165641428442,-25.666553,13.829912,0.5388301,False,250,250_ckpt.pt
transformer.h.1.attn.c_attn.weight,442368,-16.923303604125977,2.6222163359570674,-2.0108113,1.2222633,0.60784584,False,250,250_ckpt.pt
transformer.h.1.attn.c_proj.weight,147456,-3.5256778119219234e-07,-0.9999999971542851,-3.872405,1.5792075,0.40781054,False,250,250_ckpt.pt
transformer.h.1.ln_1.weight,384,-0.2992614805698395,7.8378924539176715,-0.018323092,0.008441018,0.46067652,False,250,250_ckpt.pt
transformer.h.1.ln_2.weight,384,-0.18225103616714478,-0.386770373606665,-0.016628763,0.004381143,0.26346776,False,250,250_ckpt.pt
transformer.h.1.mlp.c_fc.weight,589824,-5.4504289627075195,-0.9928901903207359,-9.753057,5.1800632,0.531122,False,250,250_ckpt.pt
transformer.h.1.mlp.c_proj.weight,589824,0.0004824096686206758,-1.0000034595650613,-3.2456043,1.5212822,0.4687208,False,250,250_ckpt.pt
transformer.h.2.attn.c_attn.weight,442368,-0.7750851511955261,-0.913677534808229,-2.5516005,2.263558,0.887113,False,250,250_ckpt.pt
transformer.h.2.attn.c_proj.weight,147456,2.4881418880795536e-07,-1.0000000058542822,-0.9672272,0.51880574,0.5363846,False,250,250_ckpt.pt
transformer.h.2.ln_1.weight,384,0.23458145558834076,-22.74334539930046,-0.011091793,0.011527421,1.0392748,False,250,250_ckpt.pt
transformer.h.2.ln_2.weight,384,0.08894847333431244,-2.5858614017102273,-0.008746253,0.009712108,1.1104307,False,250,250_ckpt.pt
transformer.h.2.mlp.c_fc.weight,589824,37.99486541748047,-1.2694763853105828,-6.3443832,5.4623556,0.860975,False,250,250_ckpt.pt
transformer.h.2.mlp.c_proj.weight,589824,0.00016902420611586422,-1.0000014160107795,-1.8061037,0.9732925,0.5388907,False,250,250_ckpt.pt
transformer.h.3.attn.c_attn.weight,442368,12.655688285827637,31.99536230450427,-2.0498154,3.3569884,1.6377028,False,250,250_ckpt.pt
transformer.h.3.attn.c_proj.weight,147456,-2.538881176405994e-07,-0.999999991068718,-0.48918456,0.29961517,0.6124788,False,250,250_ckpt.pt
transformer.h.3.ln_1.weight,384,0.7657101154327393,46.12883389178787,-0.013177163,0.01960738,1.4879819,False,250,250_ckpt.pt
transformer.h.3.ln_2.weight,384,0.30633482336997986,1.4521749403266582,-0.010278744,0.019910693,1.9370745,False,250,250_ckpt.pt
transformer.h.3.mlp.c_fc.weight,589824,39.23039627075195,-0.885777055017914,-11.144135,9.807262,0.88003796,False,250,250_ckpt.pt
transformer.h.3.mlp.c_proj.weight,589824,1.4175489923218265e-05,-1.0000001421198528,-1.3730124,0.99059594,0.7214763,False,250,250_ckpt.pt
transformer.h.4.attn.c_attn.weight,442368,-5.094388484954834,-2.0606808734479727,-1.995753,8.984439,4.501779,False,250,250_ckpt.pt
transformer.h.4.attn.c_proj.weight,147456,2.723907357449207e-07,-1.000000003947812,-1.0636159,0.848032,0.79731035,False,250,250_ckpt.pt
transformer.h.4.ln_1.weight,384,0.20895007252693176,2.3327574272108476,-0.007501371,0.06354364,8.470937,False,250,250_ckpt.pt
transformer.h.4.ln_2.weight,384,0.18537715077400208,-0.2916403026935388,-0.0049644923,0.018364368,3.6991432,False,250,250_ckpt.pt
transformer.h.4.mlp.c_fc.weight,589824,7.010858535766602,-0.991022772514644,-9.458975,7.185745,0.7596748,False,250,250_ckpt.pt
transformer.h.4.mlp.c_proj.weight,589824,0.00012203051301185042,-1.000001112611365,-1.263513,1.6425722,1.3000042,False,250,250_ckpt.pt
transformer.h.5.attn.c_attn.weight,442368,-18.979246139526367,-3.2455720500760514,-2.0823162,7.201398,3.4583595,False,250,250_ckpt.pt
transformer.h.5.attn.c_proj.weight,147456,5.168742973182816e-06,-1.000000056490553,-0.93583924,1.2396201,1.324608,False,250,250_ckpt.pt
transformer.h.5.ln_1.weight,384,0.14245827496051788,2.0432782053898904,-0.012926161,0.050702453,3.922468,False,250,250_ckpt.pt
transformer.h.5.ln_2.weight,384,0.42186224460601807,0.18941856406753765,-0.013641103,0.026409028,1.9359891,False,250,250_ckpt.pt
transformer.h.5.mlp.c_fc.weight,589824,24.43644905090332,-0.9779700502838622,-6.5060177,11.618032,1.7857363,False,250,250_ckpt.pt
transformer.h.5.mlp.c_proj.weight,589824,0.0001685054594418034,-1.0000012372363611,-0.7574872,1.0238701,1.3516666,False,250,250_ckpt.pt
transformer.h.0.attn.c_attn.weight,442368,-616.2429809570312,-7.501041042296004,-97.24331,326.2388,3.3548715,False,500,500_ckpt.pt
transformer.h.0.attn.c_proj.weight,147456,-1.3268595466797706e-06,-1.000000001021235,-371.40842,415.69,1.1192261,False,500,500_ckpt.pt
transformer.h.0.ln_1.weight,384,-1.334821343421936,32.71921977573603,-0.07491364,0.14851755,1.9825166,False,500,500_ckpt.pt
transformer.h.0.ln_2.weight,384,3.2227234840393066,-7.626893329682316,-0.08496928,0.1404769,1.6532669,False,500,500_ckpt.pt
transformer.h.0.mlp.c_fc.weight,589824,171.5198516845703,-1.0775912699978185,-67.979576,101.61949,1.4948533,False,500,500_ckpt.pt
transformer.h.0.mlp.c_proj.weight,589824,0.015732424333691597,-1.0000349865887834,-104.327286,173.65858,1.6645558,False,500,500_ckpt.pt
transformer.h.1.attn.c_attn.weight,442368,13.60427474975586,6.749575422027279,-2.82342,7.8666883,2.7862267,False,500,500_ckpt.pt
transformer.h.1.attn.c_proj.weight,147456,3.5481662052916363e-07,-1.000000012539903,-3.7942662,5.4437037,1.4347184,False,500,500_ckpt.pt
transformer.h.1.ln_1.weight,384,1.2105239629745483,-3032.8778017614695,-0.057479758,0.07146178,1.2432513,False,500,500_ckpt.pt
transformer.h.1.ln_2.weight,384,0.45709580183029175,-4.2957376731031465,-0.0296879,0.023583682,0.794387,False,500,500_ckpt.pt
transformer.h.1.mlp.c_fc.weight,589824,-5.68643045425415,-0.9857291272999137,-29.11428,19.81311,0.68052894,False,500,500_ckpt.pt
transformer.h.1.mlp.c_proj.weight,589824,0.0004736888804472983,-1.0000096621710604,-4.5136127,7.230738,1.6019846,False,500,500_ckpt.pt
transformer.h.2.attn.c_attn.weight,442368,1.4894773960113525,-0.6976453201179394,-4.580759,8.136794,1.7762982,False,500,500_ckpt.pt
transformer.h.2.attn.c_proj.weight,147456,5.3018420658190735e-06,-1.000000137705175,-4.605701,7.4806013,1.6242048,False,500,500_ckpt.pt
transformer.h.2.ln_1.weight,384,-0.06092235818505287,-2.0681290645005745,-0.02902488,0.042059816,1.4490952,False,500,500_ckpt.pt
transformer.h.2.ln_2.weight,384,-1.1123570203781128,-4.082032680936688,-0.041713376,0.04685463,1.1232519,False,500,500_ckpt.pt
transformer.h.2.mlp.c_fc.weight,589824,-1.623206615447998,-1.001271039403005,-25.954573,50.41338,1.9423698,False,500,500_ckpt.pt
transformer.h.2.mlp.c_proj.weight,589824,6.459411088144407e-05,-1.0000003225359506,-12.624562,12.534915,0.992899,False,500,500_ckpt.pt
transformer.h.3.attn.c_attn.weight,442368,-14.268182754516602,-0.6733730844512448,-9.513633,11.350695,1.1930978,False,500,500_ckpt.pt
transformer.h.3.attn.c_proj.weight,147456,4.653245923691429e-06,-1.0000000901555415,-3.9117656,3.858726,0.986441,False,500,500_ckpt.pt
transformer.h.3.ln_1.weight,384,-0.2000025063753128,1.5902752632580663,-0.043845333,0.042342838,0.9657319,False,500,500_ckpt.pt
transformer.h.3.ln_2.weight,384,1.0422947406768799,-7.367999853953511,-0.032193933,0.089798294,2.7892926,False,500,500_ckpt.pt
transformer.h.3.mlp.c_fc.weight,589824,34.69215393066406,-1.0265259434924188,-61.43465,62.43553,1.0162919,False,500,500_ckpt.pt
transformer.h.3.mlp.c_proj.weight,589824,0.0006000783760100603,-1.000002811021788,-11.056395,23.1629,2.0949779,False,500,500_ckpt.pt
transformer.h.4.attn.c_attn.weight,442368,-7.818231582641602,-0.5125618859174295,-12.536766,14.484969,1.1553992,False,500,500_ckpt.pt
transformer.h.4.attn.c_proj.weight,147456,1.7990255400945898e-06,-1.0000000253316035,-4.013763,7.343695,1.8296285,False,500,500_ckpt.pt
transformer.h.4.ln_1.weight,384,-0.525911271572113,17.702450321683482,-0.023257697,0.022117589,0.9509793,False,500,500_ckpt.pt
transformer.h.4.ln_2.weight,384,-0.025991974398493767,-1.0788017533975074,-0.03321258,0.08256294,2.4858935,False,500,500_ckpt.pt
transformer.h.4.mlp.c_fc.weight,589824,38.024932861328125,-0.9789406129052982,-77.68201,64.72712,0.8332318,False,500,500_ckpt.pt
transformer.h.4.mlp.c_proj.weight,589824,0.0008253926644101739,-1.0000037531037227,-7.597767,17.708052,2.3306916,False,500,500_ckpt.pt
transformer.h.5.attn.c_attn.weight,442368,-34.26369094848633,-7.495361011148751,-9.684586,10.636127,1.0982533,False,500,500_ckpt.pt
transformer.h.5.attn.c_proj.weight,147456,1.1200761491636513e-06,-1.0000000268245053,-1.640932,3.7336555,2.2753263,False,500,500_ckpt.pt
transformer.h.5.ln_1.weight,384,0.206546813249588,4.977592404682037,-0.029363332,0.034687374,1.181316,False,500,500_ckpt.pt
transformer.h.5.ln_2.weight,384,0.2321692407131195,-0.2989025538575806,-0.015481531,0.03862926,2.4951835,False,500,500_ckpt.pt
transformer.h.5.mlp.c_fc.weight,589824,604.621826171875,-0.6483870902409158,-31.47821,37.19087,1.1814798,False,500,500_ckpt.pt
transformer.h.5.mlp.c_proj.weight,589824,0.0006092742551118135,-1.0000030767986552,-1.7888979,4.6897883,2.6216075,False,500,500_ckpt.pt
transformer.h.0.attn.c_attn.weight,442368,-324.21923828125,-2.0884066247997177,-79.5918,130.47731,1.6393311,False,750,750_ckpt.pt
transformer.h.0.attn.c_proj.weight,147456,9.84090746669608e-08,-0.9999999990187803,-264.61398,284.645,1.075699,False,750,750_ckpt.pt
transformer.h.0.ln_1.weight,384,-3.9313786029815674,-33.73924533101802,-0.0841536,0.09681523,1.1504586,False,750,750_ckpt.pt
transformer.h.0.ln_2.weight,384,0.5106846690177917,-3.797686966110217,-0.09806235,0.09136912,0.9317452,False,750,750_ckpt.pt
transformer.h.0.mlp.c_fc.weight,589824,-19.237350463867188,-0.959610232184292,-73.47751,109.628456,1.4920002,False,750,750_ckpt.pt
transformer.h.0.mlp.c_proj.weight,589824,0.004886721260845661,-1.0000137063715395,-166.08989,334.71732,2.015278,False,750,750_ckpt.pt
transformer.h.1.attn.c_attn.weight,442368,-20.285654067993164,0.748547224549176,-8.147241,2.9278688,0.3593694,False,750,750_ckpt.pt
transformer.h.1.attn.c_proj.weight,147456,1.7574834032529907e-07,-1.0000000123250714,-3.1347895,6.409224,2.0445468,False,750,750_ckpt.pt
transformer.h.1.ln_1.weight,384,-0.39231717586517334,2.4196737707380973,-0.1051227,0.068724744,0.6537574,False,750,750_ckpt.pt
transformer.h.1.ln_2.weight,384,-0.26115718483924866,0.8906442596146306,-0.034446653,0.019589683,0.56869626,False,750,750_ckpt.pt
transformer.h.1.mlp.c_fc.weight,589824,-50.19139099121094,-0.8602992357251675,-33.680767,38.114494,1.1316397,False,750,750_ckpt.pt
transformer.h.1.mlp.c_proj.weight,589824,3.5162353015039116e-05,-1.000000291815505,-18.469074,40.682278,2.2027242,False,750,750_ckpt.pt
transformer.h.2.attn.c_attn.weight,442368,7.132349491119385,-1.4531910644832662,-7.4431567,9.873669,1.3265432,False,750,750_ckpt.pt
transformer.h.2.attn.c_proj.weight,147456,6.6638785938266665e-06,-1.000000137853045,-6.1427045,13.765674,2.2409792,False,750,750_ckpt.pt
transformer.h.2.ln_1.weight,384,-0.07196281850337982,10.710479705437487,-0.05937049,0.06763333,1.1391742,False,750,750_ckpt.pt
transformer.h.2.ln_2.weight,384,-1.851631999015808,47.10357248058215,-0.0712488,0.02588119,0.36325088,False,750,750_ckpt.pt
transformer.h.2.mlp.c_fc.weight,589824,-481.1112365722656,-3.0774055938151896,-66.59118,58.982315,0.88573766,False,750,750_ckpt.pt
transformer.h.2.mlp.c_proj.weight,589824,0.00042089325143024325,-1.0000010341174528,-40.066273,57.57622,1.4370246,False,750,750_ckpt.pt
transformer.h.3.attn.c_attn.weight,442368,28.772397994995117,-1.5108545433202767,-10.727986,12.367924,1.1528654,False,750,750_ckpt.pt
transformer.h.3.attn.c_proj.weight,147456,4.910703864879906e-06,-1.0000000696124542,-7.157253,10.629404,1.4851235,False,750,750_ckpt.pt
transformer.h.3.ln_1.weight,384,-0.1396046280860901,-0.116999978187681,-0.065895915,0.024549695,0.3725526,False,750,750_ckpt.pt
transformer.h.3.ln_2.weight,384,-0.014846052043139935,-0.9405569873432841,-0.03975654,0.02129792,0.5357086,False,750,750_ckpt.pt
transformer.h.3.mlp.c_fc.weight,589824,-21.584388732910156,-0.983237399595464,-67.99093,73.32891,1.0785102,False,750,750_ckpt.pt
transformer.h.3.mlp.c_proj.weight,589824,0.0005926898447796702,-1.0000029884839077,-27.32308,60.502815,2.2143483,False,750,750_ckpt.pt
transformer.h.4.attn.c_attn.weight,442368,13.478031158447266,-1.742703157362358,-14.931439,21.63305,1.4488256,False,750,750_ckpt.pt
transformer.h.4.attn.c_proj.weight,147456,1.0937512342934497e-05,-1.0000001748227008,-6.1312246,13.6733465,2.2301166,False,750,750_ckpt.pt
transformer.h.4.ln_1.weight,384,-0.4250414967536926,16.23764566713932,-0.031062823,0.038384102,1.2356926,False,750,750_ckpt.pt
transformer.h.4.ln_2.weight,384,0.07272922992706299,-0.6225029502480582,-0.031054435,0.10923979,3.517687,False,750,750_ckpt.pt
transformer.h.4.mlp.c_fc.weight,589824,168.44088745117188,-0.7863989459327989,-73.47081,259.4258,3.5310051,False,750,750_ckpt.pt
transformer.h.4.mlp.c_proj.weight,589824,0.00196343963034451,-1.0000310403463095,-37.9453,102.23916,2.6943827,False,750,750_ckpt.pt
transformer.h.5.attn.c_attn.weight,442368,18.633316040039062,-0.6737407722079983,-12.771925,24.751705,1.9379777,False,750,750_ckpt.pt
transformer.h.5.attn.c_proj.weight,147456,1.8210112102678977e-06,-1.000000066946111,-5.2041683,15.478137,2.9741807,False,750,750_ckpt.pt
transformer.h.5.ln_1.weight,384,0.6614174842834473,4.004100366109984,-0.02633166,0.06572223,2.4959395,False,750,750_ckpt.pt
transformer.h.5.ln_2.weight,384,0.346502423286438,-0.380278006410514,-0.03360066,0.07895094,2.3496845,False,750,750_ckpt.pt
transformer.h.5.mlp.c_fc.weight,589824,1255.291748046875,-0.5107978680724415,-75.84035,236.573,3.1193554,False,750,750_ckpt.pt
transformer.h.5.mlp.c_proj.weight,589824,0.0005736724706366658,-1.0000032545764839,-2.7017477,23.099064,8.549675,False,750,750_ckpt.pt
transformer.h.0.attn.c_attn.weight,442368,39.74732971191406,-0.8241933621368672,-152.62012,145.08081,0.95060086,False,1000,1000_ckpt.pt
transformer.h.0.attn.c_proj.weight,147456,-2.5439694582019e-06,-1.0000000435033887,-430.73486,189.02768,0.43884927,False,1000,1000_ckpt.pt
transformer.h.0.ln_1.weight,384,-0.23372144997119904,1.5311903497870158,-0.12913336,0.1094667,0.84770274,False,1000,1000_ckpt.pt
transformer.h.0.ln_2.weight,384,-0.12161682546138763,-0.7542397048070149,-0.24770194,0.09693591,0.39134094,False,1000,1000_ckpt.pt
transformer.h.0.mlp.c_fc.weight,589824,-17.423351287841797,-0.9768715539536265,-142.27878,93.562065,0.65759677,False,1000,1000_ckpt.pt
transformer.h.0.mlp.c_proj.weight,589824,0.016621829941868782,-1.0000101387394587,-331.3152,278.99155,0.8420729,False,1000,1000_ckpt.pt
transformer.h.1.attn.c_attn.weight,442368,-14.143950462341309,-0.2435329665877202,-8.294773,2.3344767,0.28143948,False,1000,1000_ckpt.pt
transformer.h.1.attn.c_proj.weight,147456,1.0088856328138718e-07,-1.0000000040222727,-4.387389,3.966326,0.9040288,False,1000,1000_ckpt.pt
transformer.h.1.ln_1.weight,384,-2.960259437561035,8.315006867058289,-0.136634,0.054913364,0.40190116,False,1000,1000_ckpt.pt
transformer.h.1.ln_2.weight,384,-0.36765289306640625,5.2167387107508,-0.052085176,0.038537137,0.7398869,False,1000,1000_ckpt.pt
transformer.h.1.mlp.c_fc.weight,589824,-69.49681854248047,-0.3579672388986084,-50.331863,35.76025,0.7104893,False,1000,1000_ckpt.pt
transformer.h.1.mlp.c_proj.weight,589824,1.4282018128142226e-05,-1.0000000609055306,-29.28875,29.739656,1.0153952,False,1000,1000_ckpt.pt
transformer.h.2.attn.c_attn.weight,442368,9.672351837158203,-1.206359853932862,-10.338883,8.642322,0.8359047,False,1000,1000_ckpt.pt
transformer.h.2.attn.c_proj.weight,147456,6.812660558352945e-06,-1.0000000642155558,-10.148459,10.628929,1.0473441,False,1000,1000_ckpt.pt
transformer.h.2.ln_1.weight,384,-0.09765627980232239,-0.3624576906096769,-0.0615492,0.063323386,1.0288255,False,1000,1000_ckpt.pt
transformer.h.2.ln_2.weight,384,-1.038299798965454,15.323305634359627,-0.048676345,0.022882659,0.47009814,False,1000,1000_ckpt.pt
transformer.h.2.mlp.c_fc.weight,589824,-97.17365264892578,1.048706440627895,-67.90672,57.70167,0.8497196,False,1000,1000_ckpt.pt
transformer.h.2.mlp.c_proj.weight,589824,0.0008259853348135948,-1.000001115417008,-51.391506,55.564995,1.0812097,False,1000,1000_ckpt.pt
transformer.h.3.attn.c_attn.weight,442368,25.41628646850586,-1.2604760901280134,-11.377015,10.918396,0.95968896,False,1000,1000_ckpt.pt
transformer.h.3.attn.c_proj.weight,147456,3.7996883293089923e-06,-1.0000000295063822,-8.27619,8.977354,1.0847206,False,1000,1000_ckpt.pt
transformer.h.3.ln_1.weight,384,-0.1989167034626007,0.470843398875401,-0.041906465,0.040097762,0.9568395,False,1000,1000_ckpt.pt
transformer.h.3.ln_2.weight,384,-0.0050062499940395355,-0.9723067937827231,-0.039206706,0.036076397,0.9201588,False,1000,1000_ckpt.pt
transformer.h.3.mlp.c_fc.weight,589824,49.28240203857422,-1.0473611674741954,-85.092384,89.35399,1.0500821,False,1000,1000_ckpt.pt
transformer.h.3.mlp.c_proj.weight,589824,0.0014169185888022184,-1.0000023195763994,-45.46847,55.384827,1.218093,False,1000,1000_ckpt.pt
transformer.h.4.attn.c_attn.weight,442368,152.21707153320312,-1.8629619148876306,-22.795889,21.339806,0.93612516,False,1000,1000_ckpt.pt
transformer.h.4.attn.c_proj.weight,147456,8.319660082634073e-06,-1.000000047932271,-11.468371,13.84018,1.2068131,False,1000,1000_ckpt.pt
transformer.h.4.ln_1.weight,384,-0.2997196614742279,1.024086303300412,-0.048931256,0.038483333,0.7864775,False,1000,1000_ckpt.pt
transformer.h.4.ln_2.weight,384,-0.48222875595092773,6.868227446173329,-0.06280789,0.056131355,0.89369917,False,1000,1000_ckpt.pt
transformer.h.4.mlp.c_fc.weight,589824,-45.152549743652344,-3.1951565208614348,-128.34361,176.77513,1.3773582,False,1000,1000_ckpt.pt
transformer.h.4.mlp.c_proj.weight,589824,0.0037263131234794855,-1.0000060306336067,-64.83435,63.756493,0.9833752,False,1000,1000_ckpt.pt
transformer.h.5.attn.c_attn.weight,442368,-141.88796997070312,3.8823986247829416,-26.01246,23.097328,0.88793325,False,1000,1000_ckpt.pt
transformer.h.5.attn.c_proj.weight,147456,7.173139238147996e-07,-1.0000000070567128,-9.909951,10.021601,1.0112664,False,1000,1000_ckpt.pt
transformer.h.5.ln_1.weight,384,-0.22236520051956177,-10.21163727860453,-0.03637594,0.03546908,0.9750698,False,1000,1000_ckpt.pt
transformer.h.5.ln_2.weight,384,0.0849161446094513,-0.7693126894057308,-0.07546316,0.075008705,0.9939778,False,1000,1000_ckpt.pt
transformer.h.5.mlp.c_fc.weight,589824,723.5606689453125,-0.6295360083589434,-118.55323,228.02748,1.9234185,False,1000,1000_ckpt.pt
transformer.h.5.mlp.c_proj.weight,589824,0.001011539832688868,-1.0000035110395995,-4.4924498,20.762554,4.6216555,False,1000,1000_ckpt.pt
transformer.h.0.attn.c_attn.weight,442368,-702.7894897460938,1.1615763071050293,-161.83809,106.8448,0.66019565,False,1250,1250_ckpt.pt
transformer.h.0.attn.c_proj.weight,147456,-3.206922087883868e-07,-0.9999999995390665,-329.99533,121.73111,0.36888736,False,1250,1250_ckpt.pt
transformer.h.0.ln_1.weight,384,-0.8270395994186401,0.09474613630760319,-0.2505182,0.1047502,0.4181341,False,1250,1250_ckpt.pt
transformer.h.0.ln_2.weight,384,-1.5828222036361694,1.3145424373443568,-0.22916868,0.08409207,0.366944,False,1250,1250_ckpt.pt
transformer.h.0.mlp.c_fc.weight,589824,-27.026500701904297,-0.9727446176899305,-156.09995,97.71485,0.6259762,False,1250,1250_ckpt.pt
transformer.h.0.mlp.c_proj.weight,589824,0.031053803861141205,-1.0000155856903026,-428.79474,316.42618,0.73794323,False,1250,1250_ckpt.pt
transformer.h.1.attn.c_attn.weight,442368,-11.594815254211426,-0.052897098772594936,-5.997404,4.819006,0.8035153,False,1250,1250_ckpt.pt
transformer.h.1.attn.c_proj.weight,147456,3.380095137117678e-08,-1.00000000106588,-5.4793744,3.839965,0.7008036,False,1250,1250_ckpt.pt
transformer.h.1.ln_1.weight,384,-1.5861539840698242,4.468016502707235,-0.16724062,0.07461297,0.44614142,False,1250,1250_ckpt.pt
transformer.h.1.ln_2.weight,384,-1.445425271987915,-13.51031538024455,-0.058699988,0.0611768,1.0421944,False,1250,1250_ckpt.pt
transformer.h.1.mlp.c_fc.weight,589824,74.63409423828125,-0.8098429980796877,-62.422886,52.66019,0.8436039,False,1250,1250_ckpt.pt
transformer.h.1.mlp.c_proj.weight,589824,0.00021800692775286734,-1.000000466144281,-53.003227,47.358246,0.8934974,False,1250,1250_ckpt.pt
transformer.h.2.attn.c_attn.weight,442368,3.7356765270233154,-1.0474947689959482,-13.567721,10.821238,0.7975722,False,1250,1250_ckpt.pt
transformer.h.2.attn.c_proj.weight,147456,2.3160296223068144e-06,-1.0000000211544307,-10.808496,9.670019,0.8946683,False,1250,1250_ckpt.pt
transformer.h.2.ln_1.weight,384,-0.11417341232299805,-0.629096976425136,-0.113165595,0.07783456,0.6877935,False,1250,1250_ckpt.pt
transformer.h.2.ln_2.weight,384,-1.2931547164916992,7.102433628289511,-0.06979986,0.034206767,0.49006924,False,1250,1250_ckpt.pt
transformer.h.2.mlp.c_fc.weight,589824,-363.6685791015625,-24.49573061465371,-82.6727,56.48905,0.6832854,False,1250,1250_ckpt.pt
transformer.h.2.mlp.c_proj.weight,589824,0.0011810266878455877,-1.000001440880751,-59.331997,60.202507,1.0146718,False,1250,1250_ckpt.pt
transformer.h.3.attn.c_attn.weight,442368,53.280120849609375,-1.575987440019433,-14.632441,13.802155,0.94325715,False,1250,1250_ckpt.pt
transformer.h.3.attn.c_proj.weight,147456,8.636365237180144e-06,-1.0000000701832883,-8.524561,8.5439625,1.002276,False,1250,1250_ckpt.pt
transformer.h.3.ln_1.weight,384,-0.3696203827857971,0.5320728865776058,-0.06184818,0.06833196,1.1048337,False,1250,1250_ckpt.pt
transformer.h.3.ln_2.weight,384,0.1434832513332367,-1.3981890992017794,-0.062034007,0.03932549,0.6339344,False,1250,1250_ckpt.pt
transformer.h.3.mlp.c_fc.weight,589824,-149.24232482910156,-0.9199688928151086,-125.31641,104.119415,0.8308522,False,1250,1250_ckpt.pt
transformer.h.3.mlp.c_proj.weight,589824,0.000973433256149292,-1.0000012068847732,-60.16582,74.32846,1.2353934,False,1250,1250_ckpt.pt
transformer.h.4.attn.c_attn.weight,442368,183.9222869873047,-2.2156626840607054,-28.637384,26.434694,0.9230834,False,1250,1250_ckpt.pt
transformer.h.4.attn.c_proj.weight,147456,4.5508850234909914e-06,-1.0000000279406187,-11.366095,13.935666,1.2260734,False,1250,1250_ckpt.pt
transformer.h.4.ln_1.weight,384,-0.5447904467582703,3.3284142541598363,-0.063236445,0.041966073,0.66363746,False,1250,1250_ckpt.pt
transformer.h.4.ln_2.weight,384,-0.4258006811141968,2.693699853077142,-0.07673377,0.0685754,0.8936795,False,1250,1250_ckpt.pt
transformer.h.4.mlp.c_fc.weight,589824,-90.38713836669922,-0.7508276360770707,-122.81157,233.0359,1.8975078,False,1250,1250_ckpt.pt
transformer.h.4.mlp.c_proj.weight,589824,0.0017244850751012564,-1.0000037722496717,-46.21248,59.4806,1.2871112,False,1250,1250_ckpt.pt
transformer.h.5.attn.c_attn.weight,442368,-309.8131103515625,25.214872351326466,-33.408234,30.466213,0.91193724,False,1250,1250_ckpt.pt
transformer.h.5.attn.c_proj.weight,147456,3.0377086090993544e-07,-1.0000000039632808,-7.3606696,8.519573,1.1574454,False,1250,1250_ckpt.pt
transformer.h.5.ln_1.weight,384,-0.23190045356750488,-7.563525467426748,-0.058234833,0.0658075,1.1300367,False,1250,1250_ckpt.pt
transformer.h.5.ln_2.weight,384,0.10628260672092438,-0.8170937858822389,-0.10185446,0.11913994,1.1697077,False,1250,1250_ckpt.pt
transformer.h.5.mlp.c_fc.weight,589824,511.483154296875,-0.8071721796317569,-116.36534,275.5895,2.3683126,False,1250,1250_ckpt.pt
transformer.h.5.mlp.c_proj.weight,589824,0.000959911325480789,-1.000003257866146,-4.596253,19.931326,4.336429,False,1250,1250_ckpt.pt
transformer.h.0.attn.c_attn.weight,442368,-1651.51611328125,35.319662416992514,-121.06765,129.80638,1.0721805,False,1500,1500_ckpt.pt
transformer.h.0.attn.c_proj.weight,147456,-2.658498488017358e-08,-0.9999999999374112,-238.23627,191.95258,0.80572355,False,1500,1500_ckpt.pt
transformer.h.0.ln_1.weight,384,0.8718492984771729,-2.292102671407133,-0.2759574,0.15815963,0.5731306,False,1500,1500_ckpt.pt
transformer.h.0.ln_2.weight,384,-1.1411311626434326,0.8916004382407997,-0.20348077,0.12781371,0.6281366,False,1500,1500_ckpt.pt
transformer.h.0.mlp.c_fc.weight,589824,-81.43647003173828,-0.8911068675798596,-132.45927,167.56726,1.2650474,False,1500,1500_ckpt.pt
transformer.h.0.mlp.c_proj.weight,589824,0.002308472990989685,-1.0000040210845007,-415.0524,662.8672,1.5970687,False,1500,1500_ckpt.pt
transformer.h.1.attn.c_attn.weight,442368,-0.9759474992752075,-0.9013224430967058,-8.574348,3.7547438,0.43790427,False,1500,1500_ckpt.pt
transformer.h.1.attn.c_proj.weight,147456,3.6227980615421984e-08,-1.0000000047203532,-3.7020693,6.732468,1.818569,False,1500,1500_ckpt.pt
transformer.h.1.ln_1.weight,384,-2.5351853370666504,19.032806893928257,-0.13831758,0.103019,0.74480045,False,1500,1500_ckpt.pt
transformer.h.1.ln_2.weight,384,-0.4550269842147827,2.1593175586042412,-0.086201906,0.04208617,0.4882278,False,1500,1500_ckpt.pt
transformer.h.1.mlp.c_fc.weight,589824,-37.113433837890625,-0.7266188365493949,-56.52459,64.06163,1.133341,False,1500,1500_ckpt.pt
transformer.h.1.mlp.c_proj.weight,589824,6.591363217012258e-06,-1.0000000492244445,-32.22087,74.30139,2.306002,False,1500,1500_ckpt.pt
transformer.h.2.attn.c_attn.weight,442368,21.827068328857422,-1.9250222948047513,-11.175013,15.408223,1.3788104,False,1500,1500_ckpt.pt
transformer.h.2.attn.c_proj.weight,147456,1.994221520362771e-06,-1.0000000468043246,-8.610964,20.125036,2.337141,False,1500,1500_ckpt.pt
transformer.h.2.ln_1.weight,384,-0.344512403011322,2.9058230539500345,-0.09068312,0.10707438,1.1807532,False,1500,1500_ckpt.pt
transformer.h.2.ln_2.weight,384,-1.0680994987487793,35.14226304754682,-0.076560035,0.06022583,0.7866484,False,1500,1500_ckpt.pt
transformer.h.2.mlp.c_fc.weight,589824,-146.29995727539062,-1.832974421203318,-78.95577,115.812614,1.4668037,False,1500,1500_ckpt.pt
transformer.h.2.mlp.c_proj.weight,589824,0.001349997823126614,-1.0000033016581777,-58.29612,124.34316,2.1329577,False,1500,1500_ckpt.pt
transformer.h.3.attn.c_attn.weight,442368,122.48783874511719,-3.454062635640732,-13.076548,22.300682,1.7053952,False,1500,1500_ckpt.pt
transformer.h.3.attn.c_proj.weight,147456,3.5273851608508267e-06,-1.0000000500955089,-8.612079,17.516533,2.0339494,False,1500,1500_ckpt.pt
transformer.h.3.ln_1.weight,384,-0.9244217276573181,9.89388847512267,-0.066520035,0.11081668,1.6659143,False,1500,1500_ckpt.pt
transformer.h.3.ln_2.weight,384,0.14410898089408875,-1.4075826077062006,-0.072338104,0.037803266,0.52259135,False,1500,1500_ckpt.pt
transformer.h.3.mlp.c_fc.weight,589824,-110.14970397949219,-0.9228317607658736,-98.697136,176.88177,1.7921673,False,1500,1500_ckpt.pt
transformer.h.3.mlp.c_proj.weight,589824,0.0005637735594063997,-1.000001923115891,-36.509937,110.59945,3.029297,False,1500,1500_ckpt.pt
transformer.h.4.attn.c_attn.weight,442368,270.44952392578125,-7.7052480466297375,-28.240704,43.24803,1.5314077,False,1500,1500_ckpt.pt
transformer.h.4.attn.c_proj.weight,147456,1.7859049421531381e-06,-1.000000018871629,-10.315554,30.47076,2.9538658,False,1500,1500_ckpt.pt
transformer.h.4.ln_1.weight,384,-0.5535680055618286,17.210203959868096,-0.06801956,0.07467421,1.0978343,False,1500,1500_ckpt.pt
transformer.h.4.ln_2.weight,384,-0.19981980323791504,-2.3735342107860036,-0.05428184,0.16806096,3.0960808,False,1500,1500_ckpt.pt
transformer.h.4.mlp.c_fc.weight,589824,135.15155029296875,-0.20180369008326657,-98.23704,433.60837,4.413899,False,1500,1500_ckpt.pt
transformer.h.4.mlp.c_proj.weight,589824,0.0030695509631186724,-1.000012891960174,-40.98916,117.98237,2.8783798,False,1500,1500_ckpt.pt
transformer.h.5.attn.c_attn.weight,442368,-205.0271759033203,-14.890494446740755,-33.65601,37.271297,1.1074188,False,1500,1500_ckpt.pt
transformer.h.5.attn.c_proj.weight,147456,3.592733719415264e-07,-1.0000000090058863,-5.637067,14.711209,2.6097276,False,1500,1500_ckpt.pt
transformer.h.5.ln_1.weight,384,-0.22799746692180634,-2.7268077774491664,-0.07564263,0.08277477,1.0942874,False,1500,1500_ckpt.pt
transformer.h.5.ln_2.weight,384,-0.12783078849315643,-1.178798022261184,-0.099443145,0.1816015,1.8261842,False,1500,1500_ckpt.pt
transformer.h.5.mlp.c_fc.weight,589824,445.431640625,-0.8621342278751145,-134.2886,535.9155,3.9907744,False,1500,1500_ckpt.pt
transformer.h.5.mlp.c_proj.weight,589824,0.000343015359248966,-1.0000025386967717,-3.7162704,30.899208,8.314574,False,1500,1500_ckpt.pt
transformer.h.0.attn.c_attn.weight,442368,-1210.993896484375,3.0756588358088273,-210.45853,104.87247,0.49830467,False,1750,1750_ckpt.pt
transformer.h.0.attn.c_proj.weight,147456,2.512788796593668e-06,-1.0000000025167342,-207.49615,122.35955,0.5896955,False,1750,1750_ckpt.pt
transformer.h.0.ln_1.weight,384,-3.4030144214630127,2.703937813316833,-0.5223221,0.1874638,0.3589046,False,1750,1750_ckpt.pt
transformer.h.0.ln_2.weight,384,-3.2877402305603027,6.338643958936124,-0.22198993,0.09915513,0.446665,False,1750,1750_ckpt.pt
transformer.h.0.mlp.c_fc.weight,589824,-140.73736572265625,-0.687366770152362,-179.96176,97.20637,0.5401501,False,1750,1750_ckpt.pt
transformer.h.0.mlp.c_proj.weight,589824,-0.017058324068784714,-0.9999202822153272,-393.44495,254.71457,0.64739573,False,1750,1750_ckpt.pt
transformer.h.1.attn.c_attn.weight,442368,3.606851100921631,-1.0966004708033075,-19.340202,5.4184422,0.28016472,False,1750,1750_ckpt.pt
transformer.h.1.attn.c_proj.weight,147456,3.662985648134054e-07,-1.000000011773049,-5.729718,3.4867437,0.60853666,False,1750,1750_ckpt.pt
transformer.h.1.ln_1.weight,384,-4.827809810638428,5.569112668264741,-0.23875159,0.16212974,0.6790729,False,1750,1750_ckpt.pt
transformer.h.1.ln_2.weight,384,0.0316343754529953,-1.0467087240823703,-0.14384179,0.062272742,0.43292525,False,1750,1750_ckpt.pt
transformer.h.1.mlp.c_fc.weight,589824,-255.38406372070312,-0.7405471487510037,-82.07449,53.735348,0.65471435,False,1750,1750_ckpt.pt
transformer.h.1.mlp.c_proj.weight,589824,0.00021049735369160771,-1.0000005471663647,-61.87932,51.760757,0.8364791,False,1750,1750_ckpt.pt
transformer.h.2.attn.c_attn.weight,442368,25.725845336914062,-1.4082613251400866,-15.446475,12.878958,0.83377975,False,1750,1750_ckpt.pt
transformer.h.2.attn.c_proj.weight,147456,1.7378670236212201e-06,-1.0000000187344582,-10.145738,8.444872,0.83235663,False,1750,1750_ckpt.pt
transformer.h.2.ln_1.weight,384,-0.600974977016449,0.7051699914281875,-0.1277964,0.13021055,1.0188906,False,1750,1750_ckpt.pt
transformer.h.2.ln_2.weight,384,-1.7293152809143066,115.76086176227311,-0.09053798,0.071317725,0.7877106,True,1750,1750_ckpt.pt
transformer.h.2.mlp.c_fc.weight,589824,-147.84686279296875,-1.7698749544830314,-104.517296,68.05074,0.6510955,False,1750,1750_ckpt.pt
transformer.h.2.mlp.c_proj.weight,589824,0.001395781640894711,-1.0000015919315606,-87.146416,63.55279,0.72926456,False,1750,1750_ckpt.pt
transformer.h.3.attn.c_attn.weight,442368,184.21484375,-3.3866701660233325,-22.586573,23.11027,1.0231862,False,1750,1750_ckpt.pt
transformer.h.3.attn.c_proj.weight,147456,2.393763907093671e-06,-1.0000000287917865,-8.679042,5.7952356,0.6677276,False,1750,1750_ckpt.pt
transformer.h.3.ln_1.weight,384,-1.2170302867889404,9.492107459549665,-0.08664164,0.10518609,1.2140362,False,1750,1750_ckpt.pt
transformer.h.3.ln_2.weight,384,0.01278441958129406,-1.0426997889450451,-0.09049817,0.03890467,0.42989454,False,1750,1750_ckpt.pt
transformer.h.3.mlp.c_fc.weight,589824,-1.1553916931152344,-0.9985529611201123,-121.54744,121.719475,1.0014154,False,1750,1750_ckpt.pt
transformer.h.3.mlp.c_proj.weight,589824,0.0020295390859246254,-1.0000022071790666,-59.49819,59.212196,0.9951932,False,1750,1750_ckpt.pt
transformer.h.4.attn.c_attn.weight,442368,70.68241882324219,-1.431525469895802,-45.094658,38.30925,0.8495297,False,1750,1750_ckpt.pt
transformer.h.4.attn.c_proj.weight,147456,4.720074230135651e-06,-1.0000000306241503,-9.847088,9.242976,0.9386507,False,1750,1750_ckpt.pt
transformer.h.4.ln_1.weight,384,-2.2781765460968018,6.628423058751792,-0.12806213,0.07170643,0.5599347,False,1750,1750_ckpt.pt
transformer.h.4.ln_2.weight,384,-0.43773019313812256,0.25790969622476406,-0.10844729,0.06459463,0.59563154,False,1750,1750_ckpt.pt
transformer.h.4.mlp.c_fc.weight,589824,-379.5890197753906,-0.6790794822869423,-149.98245,268.93457,1.7931069,False,1750,1750_ckpt.pt
transformer.h.4.mlp.c_proj.weight,589824,0.004591633565723896,-1.0000061738226491,-54.28766,60.27958,1.1103735,False,1750,1750_ckpt.pt
transformer.h.5.attn.c_attn.weight,442368,-280.34991455078125,19.323323900516243,-49.39179,50.57019,1.0238583,False,1750,1750_ckpt.pt
transformer.h.5.attn.c_proj.weight,147456,9.095718951357412e-07,-1.000000012895422,-6.230894,5.3786063,0.8632158,False,1750,1750_ckpt.pt
transformer.h.5.ln_1.weight,384,-0.47096168994903564,6.973116483665587,-0.122638576,0.07818035,0.6374858,False,1750,1750_ckpt.pt
transformer.h.5.ln_2.weight,384,-0.005372010171413422,-1.0163240273434064,-0.13571872,0.12661558,0.9329265,False,1750,1750_ckpt.pt
transformer.h.5.mlp.c_fc.weight,589824,383.2453918457031,-0.8156289874924805,-178.58263,250.19592,1.4010093,False,1750,1750_ckpt.pt
transformer.h.5.mlp.c_proj.weight,589824,0.00049988814862445,-1.0000016054883927,-4.782772,13.948038,2.9163084,False,1750,1750_ckpt.pt
transformer.h.0.attn.c_attn.weight,442368,-952.1497802734375,8.011612471291407,-124.122025,115.62308,0.9315275,False,2000,2000_ckpt.pt
transformer.h.0.attn.c_proj.weight,147456,2.900037998188054e-06,-1.0000000026163436,-200.79552,182.13113,0.9070478,False,2000,2000_ckpt.pt
transformer.h.0.ln_1.weight,384,-1.7936716079711914,3.4994015631680537,-0.34888145,0.28545043,0.8181875,False,2000,2000_ckpt.pt
transformer.h.0.ln_2.weight,384,-2.8776350021362305,3.2289973021714338,-0.25079146,0.14431696,0.57544607,False,2000,2000_ckpt.pt
transformer.h.0.mlp.c_fc.weight,589824,-192.53909301757812,-0.791207421017746,-153.01218,155.39911,1.0155996,False,2000,2000_ckpt.pt
transformer.h.0.mlp.c_proj.weight,589824,-0.03527672216296196,-1.0000188454426258,-559.1458,504.11917,0.901588,False,2000,2000_ckpt.pt
transformer.h.1.attn.c_attn.weight,442368,12.538328170776367,-1.8700804216420581,-21.371492,6.3227444,0.29584944,False,2000,2000_ckpt.pt
transformer.h.1.attn.c_proj.weight,147456,7.139386752896826e-07,-1.0000000592874483,-5.8323426,4.424469,0.75860924,False,2000,2000_ckpt.pt
transformer.h.1.ln_1.weight,384,-8.80801010131836,21.62583403003034,-0.32018846,0.19986579,0.624213,False,2000,2000_ckpt.pt
transformer.h.1.ln_2.weight,384,1.1246099472045898,-3.5573059770124216,-0.11153741,0.15781018,1.4148632,False,2000,2000_ckpt.pt
transformer.h.1.mlp.c_fc.weight,589824,-23.546340942382812,-0.9701459657451091,-86.69317,92.77185,1.0701172,False,2000,2000_ckpt.pt
transformer.h.1.mlp.c_proj.weight,589824,0.00018589792307466269,-1.0000018224409737,-66.123,96.43749,1.458456,False,2000,2000_ckpt.pt
transformer.h.2.attn.c_attn.weight,442368,12.767513275146484,-0.055759537283361846,-18.466759,18.001818,0.9748228,False,2000,2000_ckpt.pt
transformer.h.2.attn.c_proj.weight,147456,9.512082499441021e-08,-1.0000000042185415,-10.393025,16.165499,1.555418,False,2000,2000_ckpt.pt
transformer.h.2.ln_1.weight,384,0.3424868881702423,0.496723513512933,-0.09457854,0.17747492,1.8764819,False,2000,2000_ckpt.pt
transformer.h.2.ln_2.weight,384,-0.7670413255691528,-56.20950851367617,-0.07929581,0.0952499,1.2011971,False,2000,2000_ckpt.pt
transformer.h.2.mlp.c_fc.weight,589824,120.69964599609375,0.4095496790644113,-109.02644,118.92162,1.0907594,False,2000,2000_ckpt.pt
transformer.h.2.mlp.c_proj.weight,589824,0.0018305614357814193,-1.0000044946731161,-89.058556,118.231514,1.3275706,False,2000,2000_ckpt.pt
transformer.h.3.attn.c_attn.weight,442368,196.86061096191406,42.54057041121602,-22.863035,24.684004,1.0796468,False,2000,2000_ckpt.pt
transformer.h.3.attn.c_proj.weight,147456,2.6717232231021626e-06,-1.0000000737413122,-7.7133956,9.892637,1.2825269,False,2000,2000_ckpt.pt
transformer.h.3.ln_1.weight,384,-1.5581529140472412,-17.599888602761986,-0.09621843,0.16966978,1.7633812,False,2000,2000_ckpt.pt
transformer.h.3.ln_2.weight,384,0.08066827803850174,-2.279110757966655,-0.074495316,0.045616534,0.612341,False,2000,2000_ckpt.pt
transformer.h.3.mlp.c_fc.weight,589824,22.046123504638672,-1.0860094831737859,-131.55145,152.13086,1.1564362,False,2000,2000_ckpt.pt
transformer.h.3.mlp.c_proj.weight,589824,0.0004032263532280922,-1.0000007945520677,-49.367382,82.91178,1.6794851,False,2000,2000_ckpt.pt
transformer.h.4.attn.c_attn.weight,442368,158.8880615234375,-3.014365714452415,-44.69069,43.128773,0.9650505,False,2000,2000_ckpt.pt
transformer.h.4.attn.c_proj.weight,147456,4.732755314762471e-06,-1.0000000455574674,-9.721799,16.122065,1.6583418,False,2000,2000_ckpt.pt
transformer.h.4.ln_1.weight,384,-1.7988922595977783,12.330998301245026,-0.11547886,0.08943487,0.7744696,False,2000,2000_ckpt.pt
transformer.h.4.ln_2.weight,384,-0.18054550886154175,-0.2210543149593443,-0.09908329,0.107708246,1.0870476,False,2000,2000_ckpt.pt
transformer.h.4.mlp.c_fc.weight,589824,-205.270263671875,0.2780175901784563,-140.94711,376.95074,2.6744127,False,2000,2000_ckpt.pt
transformer.h.4.mlp.c_proj.weight,589824,0.0013385905185714364,-1.0000049526574808,-43.252098,84.518555,1.9540914,False,2000,2000_ckpt.pt
transformer.h.5.attn.c_attn.weight,442368,-73.3281478881836,-6.428134257135719,-55.335342,60.587288,1.0949112,False,2000,2000_ckpt.pt
transformer.h.5.attn.c_proj.weight,147456,4.991611604054924e-07,-1.000000012976217,-7.008753,9.627273,1.373607,False,2000,2000_ckpt.pt
transformer.h.5.ln_1.weight,384,-0.3573684096336365,12.142238308946657,-0.18137622,0.08786,0.4844075,False,2000,2000_ckpt.pt
transformer.h.5.ln_2.weight,384,0.0777636244893074,-0.8835631793237477,-0.12895122,0.19775218,1.5335425,False,2000,2000_ckpt.pt
transformer.h.5.mlp.c_fc.weight,589824,500.26007080078125,-0.8384369567899946,-148.02904,449.3849,3.0357888,False,2000,2000_ckpt.pt
transformer.h.5.mlp.c_proj.weight,589824,0.0007370152161456645,-1.0000035855359237,-4.837809,24.879566,5.142734,False,2000,2000_ckpt.pt
transformer.h.0.attn.c_attn.weight,442368,-1000.4261474609375,20.159930573557048,-160.54907,137.28967,0.8551259,False,2250,2250_ckpt.pt
transformer.h.0.attn.c_proj.weight,147456,3.0077819701546105e-06,-1.0000000018468178,-198.03409,174.56773,0.88150346,False,2250,2250_ckpt.pt
transformer.h.0.ln_1.weight,384,-2.55220890045166,1.409830047958765,-0.58709943,0.26502043,0.4514064,False,2250,2250_ckpt.pt
transformer.h.0.ln_2.weight,384,-4.828978538513184,4.839693338112055,-0.24601723,0.1543468,0.62738204,False,2250,2250_ckpt.pt
transformer.h.0.mlp.c_fc.weight,589824,-229.10891723632812,-0.7986076697077676,-175.23117,157.44553,0.8985018,False,2250,2250_ckpt.pt
transformer.h.0.mlp.c_proj.weight,589824,-0.013907920569181442,-1.000004127835685,-643.16187,544.5659,0.8467012,False,2250,2250_ckpt.pt
transformer.h.1.attn.c_attn.weight,442368,27.695924758911133,4.4802147200155416,-23.5559,7.4335694,0.31557143,False,2250,2250_ckpt.pt
transformer.h.1.attn.c_proj.weight,147456,8.711135137673409e-07,-1.0000008396911066,-7.243678,4.649466,0.6418654,False,2250,2250_ckpt.pt
transformer.h.1.ln_1.weight,384,-8.486746788024902,16.5281282898545,-0.38955796,0.26481327,0.6797789,False,2250,2250_ckpt.pt
transformer.h.1.ln_2.weight,384,1.050079584121704,-2.2989933416300072,-0.15137501,0.18518546,1.2233555,False,2250,2250_ckpt.pt
transformer.h.1.mlp.c_fc.weight,589824,70.5284423828125,-1.0602951509112133,-92.59656,113.9583,1.2306969,False,2250,2250_ckpt.pt
transformer.h.1.mlp.c_proj.weight,589824,0.00018465302127879113,-0.9999994208274076,-70.00421,116.82325,1.6688032,False,2250,2250_ckpt.pt
transformer.h.2.attn.c_attn.weight,442368,10.609613418579102,-0.8693652553490665,-24.72503,23.938286,0.96818024,False,2250,2250_ckpt.pt
transformer.h.2.attn.c_proj.weight,147456,1.9018924035663076e-07,-0.9999999943821963,-10.68097,16.975853,1.589355,False,2250,2250_ckpt.pt
transformer.h.2.ln_1.weight,384,0.13345754146575928,-0.807020929293321,-0.13483796,0.22482252,1.6673534,False,2250,2250_ckpt.pt
transformer.h.2.ln_2.weight,384,-0.5967599153518677,-2.305078721575854,-0.09671519,0.12767011,1.3200626,False,2250,2250_ckpt.pt
transformer.h.2.mlp.c_fc.weight,589824,265.7520446777344,-0.8347603632222723,-134.47565,138.8136,1.0322583,False,2250,2250_ckpt.pt
transformer.h.2.mlp.c_proj.weight,589824,0.0012894459068775177,-1.0000606543429045,-89.97496,130.63402,1.4518931,False,2250,2250_ckpt.pt
transformer.h.3.attn.c_attn.weight,442368,240.13699340820312,2.2987688540123017,-26.866785,33.629993,1.2517312,False,2250,2250_ckpt.pt
transformer.h.3.attn.c_proj.weight,147456,1.1502597772050649e-06,-1.0000000449845783,-6.5410476,9.070538,1.3867103,False,2250,2250_ckpt.pt
transformer.h.3.ln_1.weight,384,-0.8374031186103821,-7.498518698985263,-0.10954046,0.20673138,1.8872604,False,2250,2250_ckpt.pt
transformer.h.3.ln_2.weight,384,0.16181780397891998,2.744392722109472,-0.08894223,0.06451806,0.7253928,False,2250,2250_ckpt.pt
transformer.h.3.mlp.c_fc.weight,589824,14.223041534423828,-0.9868002404109412,-154.61823,165.5962,1.0710006,False,2250,2250_ckpt.pt
transformer.h.3.mlp.c_proj.weight,589824,0.0008691066759638488,-1.0000022144267302,-66.459595,94.971565,1.4290121,False,2250,2250_ckpt.pt
transformer.h.4.attn.c_attn.weight,442368,238.11282348632812,-7.009506451006431,-55.232914,51.46014,0.9316934,False,2250,2250_ckpt.pt
transformer.h.4.attn.c_proj.weight,147456,4.062415428052191e-06,-1.0000000689234891,-9.495668,13.754652,1.4485185,False,2250,2250_ckpt.pt
transformer.h.4.ln_1.weight,384,-2.378898859024048,10.009744711146245,-0.14954996,0.099161685,0.6630673,False,2250,2250_ckpt.pt
transformer.h.4.ln_2.weight,384,-0.007359839975833893,-0.9519449095311517,-0.11066355,0.10786149,0.97467947,False,2250,2250_ckpt.pt
transformer.h.4.mlp.c_fc.weight,589824,-45.74529266357422,-0.7535342733784871,-176.01149,380.6344,2.1625543,False,2250,2250_ckpt.pt
transformer.h.4.mlp.c_proj.weight,589824,0.0011634101392701268,-1.0000096142102552,-43.711956,74.25408,1.6987133,False,2250,2250_ckpt.pt
transformer.h.5.attn.c_attn.weight,442368,155.01864624023438,-128.22429822948527,-70.89082,55.723076,0.7860407,False,2250,2250_ckpt.pt
transformer.h.5.attn.c_proj.weight,147456,6.178232183629007e-07,-1.000000036459774,-7.0975075,8.273697,1.1657187,False,2250,2250_ckpt.pt
transformer.h.5.ln_1.weight,384,0.8339570760726929,7.861903878162422,-0.20660925,0.116418846,0.5634735,False,2250,2250_ckpt.pt
transformer.h.5.ln_2.weight,384,0.1338287591934204,-0.7907537857058493,-0.13124225,0.2136,1.6275247,False,2250,2250_ckpt.pt
transformer.h.5.mlp.c_fc.weight,589824,633.9591064453125,-0.7977089493333018,-144.26073,406.60684,2.8185554,False,2250,2250_ckpt.pt
transformer.h.5.mlp.c_proj.weight,589824,0.00040317574166692793,-1.0000021800447558,-5.070335,22.656374,4.4684176,False,2250,2250_ckpt.pt
transformer.h.0.attn.c_attn.weight,442368,-662.8524169921875,0.5185526952853022,-154.77657,109.49179,0.7074184,False,2500,2500_ckpt.pt
transformer.h.0.attn.c_proj.weight,147456,4.8380861699115485e-06,-1.0000000028638945,-199.46417,135.52556,0.6794481,False,2500,2500_ckpt.pt
transformer.h.0.ln_1.weight,384,-6.3475189208984375,7.115204448357284,-0.46250772,0.2914732,0.6302018,False,2500,2500_ckpt.pt
transformer.h.0.ln_2.weight,384,-4.485156059265137,3.0980001611391748,-0.28024307,0.1224451,0.43692464,False,2500,2500_ckpt.pt
transformer.h.0.mlp.c_fc.weight,589824,-442.4761962890625,-0.6537548781097594,-195.87823,162.32156,0.82868606,False,2500,2500_ckpt.pt
transformer.h.0.mlp.c_proj.weight,589824,-0.04687967523932457,-1.0000180127619722,-755.38965,585.3268,0.77486736,False,2500,2500_ckpt.pt
transformer.h.1.attn.c_attn.weight,442368,42.62184143066406,-6.8755056672429715,-25.560905,8.482039,0.33183643,False,2500,2500_ckpt.pt
transformer.h.1.attn.c_proj.weight,147456,4.4089119910495356e-07,-1.000000072998697,-7.2700477,5.2191358,0.7178957,False,2500,2500_ckpt.pt
transformer.h.1.ln_1.weight,384,-9.15506649017334,16.493038264875405,-0.42315716,0.27896398,0.6592444,False,2500,2500_ckpt.pt
transformer.h.1.ln_2.weight,384,0.20736032724380493,-1.2104057754350173,-0.19473924,0.18987171,0.9750049,False,2500,2500_ckpt.pt
transformer.h.1.mlp.c_fc.weight,589824,-40.59282302856445,-0.973053007715003,-94.3914,117.70215,1.2469584,False,2500,2500_ckpt.pt
transformer.h.1.mlp.c_proj.weight,589824,0.0001862705103121698,-0.9999986410690149,-81.30722,124.35133,1.5294008,False,2500,2500_ckpt.pt
transformer.h.2.attn.c_attn.weight,442368,41.34962844848633,-0.285827530514463,-22.362902,22.055655,0.98626083,False,2500,2500_ckpt.pt
transformer.h.2.attn.c_proj.weight,147456,2.529436038400945e-08,-0.9999999982438691,-11.5258,15.502388,1.3450162,False,2500,2500_ckpt.pt
transformer.h.2.ln_1.weight,384,0.5272037982940674,1.2338281334332493,-0.13588502,0.19415677,1.4288313,False,2500,2500_ckpt.pt
transformer.h.2.ln_2.weight,384,-0.38761693239212036,-2.8549260677143695,-0.10554392,0.11746073,1.1129085,False,2500,2500_ckpt.pt
transformer.h.2.mlp.c_fc.weight,589824,94.28675079345703,-0.7620436322956156,-126.64343,134.71521,1.0637362,False,2500,2500_ckpt.pt
transformer.h.2.mlp.c_proj.weight,589824,0.0010399471502751112,-1.0000050131536038,-82.37839,113.52019,1.3780336,False,2500,2500_ckpt.pt
transformer.h.3.attn.c_attn.weight,442368,204.772216796875,4.955123074806827,-24.181257,31.168732,1.2889624,False,2500,2500_ckpt.pt
transformer.h.3.attn.c_proj.weight,147456,1.69715474385157e-06,-1.000000096508943,-6.5769854,8.467966,1.2875148,False,2500,2500_ckpt.pt
transformer.h.3.ln_1.weight,384,-1.2983269691467285,-28.167795091954677,-0.10165666,0.1444546,1.4210048,False,2500,2500_ckpt.pt
transformer.h.3.ln_2.weight,384,0.2269166260957718,8.433852124255806,-0.080412626,0.05609949,0.6976453,False,2500,2500_ckpt.pt
transformer.h.3.mlp.c_fc.weight,589824,31.15589141845703,-0.9555387060864928,-153.46664,145.50023,0.94809026,False,2500,2500_ckpt.pt
transformer.h.3.mlp.c_proj.weight,589824,0.0005811344599351287,-1.0000016429703262,-51.458206,72.71258,1.4130415,False,2500,2500_ckpt.pt
transformer.h.4.attn.c_attn.weight,442368,237.12274169921875,-7.755906751627053,-51.68997,48.60215,0.94026273,False,2500,2500_ckpt.pt
transformer.h.4.attn.c_proj.weight,147456,5.814880751131568e-06,-1.0000000698425422,-9.456542,13.406978,1.4177463,False,2500,2500_ckpt.pt
transformer.h.4.ln_1.weight,384,-2.69209885597229,27.045814336940396,-0.15623546,0.12714218,0.8137857,False,2500,2500_ckpt.pt
transformer.h.4.ln_2.weight,384,-0.3024648427963257,0.14091126034739157,-0.106150985,0.08797531,0.8287752,False,2500,2500_ckpt.pt
transformer.h.4.mlp.c_fc.weight,589824,-323.1880798339844,-0.18205121811258965,-174.39369,347.34964,1.9917557,False,2500,2500_ckpt.pt
transformer.h.4.mlp.c_proj.weight,589824,0.0010433701099827886,-1.0000077926657371,-39.8653,64.87985,1.6274768,False,2500,2500_ckpt.pt
transformer.h.5.attn.c_attn.weight,442368,137.13455200195312,1.9918474242469875,-61.92404,60.108204,0.97067636,False,2500,2500_ckpt.pt
transformer.h.5.attn.c_proj.weight,147456,1.6187428286684735e-07,-1.0000000054747937,-7.9534626,9.019894,1.1340839,False,2500,2500_ckpt.pt
transformer.h.5.ln_1.weight,384,1.4841861724853516,19.114090013176106,-0.24721152,0.122312486,0.49476856,False,2500,2500_ckpt.pt
transformer.h.5.ln_2.weight,384,0.22268050909042358,-0.58721146380132,-0.16948108,0.24872226,1.4675517,False,2500,2500_ckpt.pt
transformer.h.5.mlp.c_fc.weight,589824,195.50042724609375,-0.9226351104735265,-149.10213,455.08423,3.0521646,False,2500,2500_ckpt.pt
transformer.h.5.mlp.c_proj.weight,589824,0.00027365886489860713,-1.0000018159333148,-4.4656234,24.195902,5.4182587,False,2500,2500_ckpt.pt
transformer.h.0.attn.c_attn.weight,442368,-1054.384033203125,7.8654319234912435,-205.32762,214.84499,1.0463521,False,2750,2750_ckpt.pt
transformer.h.0.attn.c_proj.weight,147456,-9.414040391675371e-08,-0.999999999942945,-217.19232,175.56895,0.8083571,False,2750,2750_ckpt.pt
transformer.h.0.ln_1.weight,384,-3.459230422973633,3.0387318015811164,-0.6978389,0.38720828,0.55486774,False,2750,2750_ckpt.pt
transformer.h.0.ln_2.weight,384,-3.456678628921509,1.6119993837340163,-0.2705122,0.15525818,0.5739415,False,2750,2750_ckpt.pt
transformer.h.0.mlp.c_fc.weight,589824,-229.616455078125,-0.8655454687798657,-246.93742,176.61098,0.7152054,False,2750,2750_ckpt.pt
transformer.h.0.mlp.c_proj.weight,589824,-0.0386514812707901,-1.0000106407375495,-663.7014,591.3486,0.89098585,False,2750,2750_ckpt.pt
transformer.h.1.attn.c_attn.weight,442368,37.452938079833984,73.31367067004588,-18.789276,11.068232,0.58907175,False,2750,2750_ckpt.pt
transformer.h.1.attn.c_proj.weight,147456,1.144490965998557e-06,-1.0000001628754427,-5.714592,4.1691875,0.7295687,False,2750,2750_ckpt.pt
transformer.h.1.ln_1.weight,384,-0.6104498505592346,3.565067571635262,-0.32055542,0.34219426,1.0675042,False,2750,2750_ckpt.pt
transformer.h.1.ln_2.weight,384,-0.15560057759284973,-0.8312588541491226,-0.18776377,0.16224705,0.864102,False,2750,2750_ckpt.pt
transformer.h.1.mlp.c_fc.weight,589824,-23.210834503173828,-0.9820323480139325,-92.15734,100.80241,1.0938077,False,2750,2750_ckpt.pt
transformer.h.1.mlp.c_proj.weight,589824,-5.682635310222395e-05,-1.0000001280096764,-81.01718,97.09371,1.1984336,False,2750,2750_ckpt.pt
transformer.h.2.attn.c_attn.weight,442368,39.83667755126953,-0.648868005492918,-26.999748,26.88144,0.99561816,False,2750,2750_ckpt.pt
transformer.h.2.attn.c_proj.weight,147456,4.188953539596696e-08,-0.9999999990127714,-11.796955,12.806622,1.085587,False,2750,2750_ckpt.pt
transformer.h.2.ln_1.weight,384,0.11223885416984558,-0.780957021302296,-0.18933761,0.21881025,1.1556618,False,2750,2750_ckpt.pt
transformer.h.2.ln_2.weight,384,0.02532327175140381,-0.906742219108162,-0.11460574,0.12796709,1.1165854,False,2750,2750_ckpt.pt
transformer.h.2.mlp.c_fc.weight,589824,112.45391845703125,-0.8762286248074641,-140.93846,128.9547,0.91497165,False,2750,2750_ckpt.pt
transformer.h.2.mlp.c_proj.weight,589824,0.0002821767993737012,-0.9999926061032359,-87.25042,92.80403,1.0636514,False,2750,2750_ckpt.pt
transformer.h.3.attn.c_attn.weight,442368,248.91502380371094,1.977928737857906,-28.402002,38.98194,1.3725067,False,2750,2750_ckpt.pt
transformer.h.3.attn.c_proj.weight,147456,3.2989316878229147e-07,-1.0000000527134003,-6.5496445,6.3688726,0.9723998,False,2750,2750_ckpt.pt
transformer.h.3.ln_1.weight,384,-0.7810090184211731,-5.1313520897407034,-0.1391362,0.21322244,1.5324728,False,2750,2750_ckpt.pt
transformer.h.3.ln_2.weight,384,0.21256136894226074,0.4210826245148957,-0.08074398,0.06499612,0.80496556,False,2750,2750_ckpt.pt
transformer.h.3.mlp.c_fc.weight,589824,52.40230941772461,-0.950723232346588,-146.9994,146.18427,0.9944548,False,2750,2750_ckpt.pt
transformer.h.3.mlp.c_proj.weight,589824,0.0005363825475797057,-1.0000014818084118,-66.71849,67.305664,1.0088007,False,2750,2750_ckpt.pt
transformer.h.4.attn.c_attn.weight,442368,235.92291259765625,1.8167395096788053,-57.60848,52.054577,0.9035923,False,2750,2750_ckpt.pt
transformer.h.4.attn.c_proj.weight,147456,4.275726951163961e-06,-1.0000000989855304,-9.444211,9.610804,1.0176396,False,2750,2750_ckpt.pt
transformer.h.4.ln_1.weight,384,-2.904956579208374,76.93661149799209,-0.18372215,0.13526805,0.7362642,False,2750,2750_ckpt.pt
transformer.h.4.ln_2.weight,384,0.054425038397312164,-1.2095015052128502,-0.10821663,0.103653625,0.95783454,False,2750,2750_ckpt.pt
transformer.h.4.mlp.c_fc.weight,589824,-93.75321960449219,-0.6221740403532358,-193.79391,305.40802,1.5759423,False,2750,2750_ckpt.pt
transformer.h.4.mlp.c_proj.weight,589824,0.0009634307352825999,-1.0000065139533558,-47.26844,51.7472,1.0947516,False,2750,2750_ckpt.pt
transformer.h.5.attn.c_attn.weight,442368,171.27597045898438,0.8157705400684959,-64.64049,67.97035,1.0515136,False,2750,2750_ckpt.pt
transformer.h.5.attn.c_proj.weight,147456,1.5790587326591776e-07,-1.0000000065669143,-7.396924,6.3176217,0.8540877,False,2750,2750_ckpt.pt
transformer.h.5.ln_1.weight,384,1.6033217906951904,49.47422810484745,-0.26049846,0.15430917,0.59236115,False,2750,2750_ckpt.pt
transformer.h.5.ln_2.weight,384,-0.08068932592868805,-1.1411653180977555,-0.17274706,0.28600642,1.655637,False,2750,2750_ckpt.pt
transformer.h.5.mlp.c_fc.weight,589824,387.29150390625,-0.8229904909668397,-186.28899,318.2591,1.7084161,False,2750,2750_ckpt.pt
transformer.h.5.mlp.c_proj.weight,589824,0.00029030715813860297,-1.0000026637853754,-4.1546383,18.759907,4.515413,False,2750,2750_ckpt.pt
transformer.h.0.attn.c_attn.weight,442368,-1938.23779296875,5.35749676763934,-163.28409,162.66713,0.99622154,False,3000,3000_ckpt.pt
transformer.h.0.attn.c_proj.weight,147456,1.1303677638352383e-06,-1.0000000007057468,-216.634,209.18007,0.965592,False,3000,3000_ckpt.pt
transformer.h.0.ln_1.weight,384,-4.917330265045166,8.078547325203116,-0.36354128,0.38948652,1.0713681,False,3000,3000_ckpt.pt
transformer.h.0.ln_2.weight,384,-3.070187568664551,1.6739021192141759,-0.28727525,0.23056614,0.8025966,False,3000,3000_ckpt.pt
transformer.h.0.mlp.c_fc.weight,589824,-266.3572998046875,-0.7739213698099084,-167.41063,372.9122,2.22753,False,3000,3000_ckpt.pt
transformer.h.0.mlp.c_proj.weight,589824,-0.014565172605216503,-1.0000040730341482,-720.9332,1452.6569,2.0149672,False,3000,3000_ckpt.pt
transformer.h.1.attn.c_attn.weight,442368,51.839473724365234,1.7111765330085726,-19.951794,12.708495,0.63696,False,3000,3000_ckpt.pt
transformer.h.1.attn.c_proj.weight,147456,6.219308943400392e-07,-0.9999999108714719,-7.148159,11.876788,1.661517,False,3000,3000_ckpt.pt
transformer.h.1.ln_1.weight,384,-5.346327781677246,18.75798916617882,-0.38603526,0.27657685,0.71645486,False,3000,3000_ckpt.pt
transformer.h.1.ln_2.weight,384,-1.957253336906433,1.2484824225012483,-0.23054734,0.25050858,1.086582,False,3000,3000_ckpt.pt
transformer.h.1.mlp.c_fc.weight,589824,25.669445037841797,-1.0281339584223577,-105.817474,288.7807,2.7290454,False,3000,3000_ckpt.pt
transformer.h.1.mlp.c_proj.weight,589824,0.0001408478565281257,-0.9999997516487344,-94.73746,329.22153,3.4750936,False,3000,3000_ckpt.pt
transformer.h.2.attn.c_attn.weight,442368,38.651737213134766,-0.5921556757932231,-28.338085,40.744175,1.4377886,False,3000,3000_ckpt.pt
transformer.h.2.attn.c_proj.weight,147456,1.2612035860115611e-08,-0.999999999840137,-13.339724,41.0096,3.0742466,False,3000,3000_ckpt.pt
transformer.h.2.ln_1.weight,384,-0.29510509967803955,-1.5497289355872885,-0.26792943,0.29724827,1.1094275,False,3000,3000_ckpt.pt
transformer.h.2.ln_2.weight,384,0.1155083179473877,1.8141611127669013,-0.119385555,0.14326203,1.1999947,False,3000,3000_ckpt.pt
transformer.h.2.mlp.c_fc.weight,589824,94.25814819335938,-0.7969980533512006,-126.69237,322.71402,2.5472255,False,3000,3000_ckpt.pt
transformer.h.2.mlp.c_proj.weight,589824,0.0010876675369217992,-0.9999955609347907,-97.9211,376.4666,3.8445914,False,3000,3000_ckpt.pt
transformer.h.3.attn.c_attn.weight,442368,257.3992004394531,3.6269188907599967,-27.392696,44.24922,1.6153657,False,3000,3000_ckpt.pt
transformer.h.3.attn.c_proj.weight,147456,1.0249530077999225e-06,-0.9999995376700896,-7.6288657,22.764732,2.9840257,False,3000,3000_ckpt.pt
transformer.h.3.ln_1.weight,384,-1.7827932834625244,-10.990201426349472,-0.11750273,0.19277927,1.6406366,False,3000,3000_ckpt.pt
transformer.h.3.ln_2.weight,384,0.26828694343566895,6.400961128052389,-0.093690775,0.110393226,1.1782721,False,3000,3000_ckpt.pt
transformer.h.3.mlp.c_fc.weight,589824,41.99252700805664,-0.9659272225251283,-130.426,520.6443,3.9918752,False,3000,3000_ckpt.pt
transformer.h.3.mlp.c_proj.weight,589824,0.0007593492628075182,-1.0000032505503578,-64.45097,240.2262,3.7272704,False,3000,3000_ckpt.pt
transformer.h.4.attn.c_attn.weight,442368,256.50689697265625,3.192130475118268,-61.38451,59.331013,0.96654695,False,3000,3000_ckpt.pt
transformer.h.4.attn.c_proj.weight,147456,2.47783464146778e-06,-1.0000000478355455,-10.04357,37.815014,3.7650971,False,3000,3000_ckpt.pt
transformer.h.4.ln_1.weight,384,-2.603144407272339,15.869690387055508,-0.19480497,0.1638208,0.84094775,False,3000,3000_ckpt.pt
transformer.h.4.ln_2.weight,384,0.4462161064147949,37.93039154029938,-0.110140584,0.29469988,2.6756701,False,3000,3000_ckpt.pt
transformer.h.4.mlp.c_fc.weight,589824,-76.24848175048828,-1.1665470849948234,-176.83636,886.554,5.0134144,False,3000,3000_ckpt.pt
transformer.h.4.mlp.c_proj.weight,589824,0.0012099131708964705,-0.9999693342158856,-44.065353,191.73389,4.3511257,False,3000,3000_ckpt.pt
transformer.h.5.attn.c_attn.weight,442368,86.11209106445312,-0.21200481717499525,-62.11141,64.311966,1.0354292,False,3000,3000_ckpt.pt
transformer.h.5.attn.c_proj.weight,147456,2.004131118837904e-07,-0.9999999791078961,-6.902902,18.172503,2.6325889,False,3000,3000_ckpt.pt
transformer.h.5.ln_1.weight,384,0.5297207832336426,-36.213133926335566,-0.34757403,0.13728835,0.39499024,False,3000,3000_ckpt.pt
transformer.h.5.ln_2.weight,384,0.5250070095062256,-0.31469874049381397,-0.15930595,0.37458903,2.3513813,False,3000,3000_ckpt.pt
transformer.h.5.mlp.c_fc.weight,589824,202.9465789794922,-0.939845652493082,-140.00035,1080.124,7.7151523,False,3000,3000_ckpt.pt
transformer.h.5.mlp.c_proj.weight,589824,0.0005681803449988365,-1.0000074557832777,-5.1442637,67.72907,13.165941,False,3000,3000_ckpt.pt
transformer.h.0.attn.c_attn.weight,442368,-1985.12451171875,14.915389455328,-165.84152,185.65524,1.1194738,False,3250,3250_ckpt.pt
transformer.h.0.attn.c_proj.weight,147456,7.437068916260614e-08,-1.0000000000396927,-218.98772,171.93756,0.7851471,False,3250,3250_ckpt.pt
transformer.h.0.ln_1.weight,384,-4.137259483337402,7.752909076346448,-0.4562441,0.41705534,0.9141057,False,3250,3250_ckpt.pt
transformer.h.0.ln_2.weight,384,-4.295544147491455,3.0905504544331066,-0.2787825,0.13666986,0.49023834,False,3250,3250_ckpt.pt
transformer.h.0.mlp.c_fc.weight,589824,-173.11160278320312,-0.8871642896662753,-184.2761,212.63913,1.153916,False,3250,3250_ckpt.pt
transformer.h.0.mlp.c_proj.weight,589824,-0.03784177824854851,-1.000006348085557,-672.9346,623.297,0.92623717,False,3250,3250_ckpt.pt
transformer.h.1.attn.c_attn.weight,442368,62.17515563964844,0.32456774515374337,-15.77736,14.617942,0.9265138,False,3250,3250_ckpt.pt
transformer.h.1.attn.c_proj.weight,147456,-4.539379006018862e-07,-1.0000000223952408,-5.900162,4.5494237,0.77106756,False,3250,3250_ckpt.pt
transformer.h.1.ln_1.weight,384,-3.1083757877349854,-88.77934187011783,-0.32768005,0.36165398,1.1036803,False,3250,3250_ckpt.pt
transformer.h.1.ln_2.weight,384,0.27587592601776123,-1.6633658027689369,-0.20201637,0.23201323,1.1484872,False,3250,3250_ckpt.pt
transformer.h.1.mlp.c_fc.weight,589824,113.63103485107422,-1.154950631214945,-110.3486,135.42734,1.2272682,False,3250,3250_ckpt.pt
transformer.h.1.mlp.c_proj.weight,589824,7.668446778552607e-05,-0.9999998842036576,-99.851395,134.47266,1.3467278,False,3250,3250_ckpt.pt
transformer.h.2.attn.c_attn.weight,442368,64.18356323242188,-0.35936425652169895,-29.975729,28.432737,0.9485253,False,3250,3250_ckpt.pt
transformer.h.2.attn.c_proj.weight,147456,-1.526847270838516e-08,-1.0000000002721383,-11.758681,14.272542,1.2137877,False,3250,3250_ckpt.pt
transformer.h.2.ln_1.weight,384,0.6864141821861267,0.29179927875694067,-0.22305547,0.24177873,1.0839399,False,3250,3250_ckpt.pt
transformer.h.2.ln_2.weight,384,0.32208195328712463,-0.17518957796325055,-0.12582427,0.13809296,1.0975065,False,3250,3250_ckpt.pt
transformer.h.2.mlp.c_fc.weight,589824,114.60098266601562,-0.910810474633781,-158.43312,149.92542,0.946301,False,3250,3250_ckpt.pt
transformer.h.2.mlp.c_proj.weight,589824,0.00042879345710389316,-0.9999979095610768,-103.027245,115.172356,1.1178825,False,3250,3250_ckpt.pt
transformer.h.3.attn.c_attn.weight,442368,242.573486328125,4.301628460182095,-32.622124,42.53002,1.3037171,False,3250,3250_ckpt.pt
transformer.h.3.attn.c_proj.weight,147456,9.161696539194963e-07,-1.0000000337382828,-8.642166,7.599359,0.879335,False,3250,3250_ckpt.pt
transformer.h.3.ln_1.weight,384,-1.6802232265472412,52.82713228189829,-0.15364325,0.24824524,1.615725,False,3250,3250_ckpt.pt
transformer.h.3.ln_2.weight,384,0.2917082905769348,0.9549823818870248,-0.09012936,0.07152109,0.79353815,False,3250,3250_ckpt.pt
transformer.h.3.mlp.c_fc.weight,589824,118.79610443115234,-0.8988057377012189,-152.51294,158.24669,1.0375952,False,3250,3250_ckpt.pt
transformer.h.3.mlp.c_proj.weight,589824,0.0007657798123545945,-1.0000022231978738,-72.170425,79.05716,1.0954232,False,3250,3250_ckpt.pt
transformer.h.4.attn.c_attn.weight,442368,306.5421447753906,26.73950635480161,-59.558743,60.976482,1.0238041,False,3250,3250_ckpt.pt
transformer.h.4.attn.c_proj.weight,147456,2.919981852755882e-06,-1.0000000532590865,-10.657727,10.4563875,0.98110855,False,3250,3250_ckpt.pt
transformer.h.4.ln_1.weight,384,-3.5677661895751953,28.77731144001425,-0.2550711,0.16544315,0.64861584,False,3250,3250_ckpt.pt
transformer.h.4.ln_2.weight,384,0.0629567950963974,-1.2737372641566542,-0.119403794,0.10644081,0.89143574,False,3250,3250_ckpt.pt
transformer.h.4.mlp.c_fc.weight,589824,-146.37533569335938,-0.73803298013986,-212.5737,369.1545,1.7365954,False,3250,3250_ckpt.pt
transformer.h.4.mlp.c_proj.weight,589824,0.0009853874798864126,-0.9997459533600324,-50.94564,65.602005,1.2876863,False,3250,3250_ckpt.pt
transformer.h.5.attn.c_attn.weight,442368,130.7621307373047,0.055047215430202114,-64.03061,68.070724,1.0630966,False,3250,3250_ckpt.pt
transformer.h.5.attn.c_proj.weight,147456,1.1266773292106791e-08,-1.0000000085383076,-7.3575335,5.732138,0.7790842,False,3250,3250_ckpt.pt
transformer.h.5.ln_1.weight,384,1.8348296880722046,55.262973920323276,-0.2775694,0.17474619,0.6295585,False,3250,3250_ckpt.pt
transformer.h.5.ln_2.weight,384,-0.11823756992816925,-1.22111929878384,-0.17172201,0.24750352,1.4413034,False,3250,3250_ckpt.pt
transformer.h.5.mlp.c_fc.weight,589824,278.4905090332031,-0.8839079795743812,-166.32455,409.89,2.4643986,False,3250,3250_ckpt.pt
transformer.h.5.mlp.c_proj.weight,589824,0.00034607702400535345,-1.0000031178174715,-5.1976113,26.627066,5.122943,False,3250,3250_ckpt.pt
transformer.h.0.attn.c_attn.weight,442368,-2657.107421875,5.724340609378228,-172.95491,156.99773,0.9077379,False,3500,3500_ckpt.pt
transformer.h.0.attn.c_proj.weight,147456,3.452612872933969e-06,-1.0000000016730346,-235.67992,189.35172,0.80342746,False,3500,3500_ckpt.pt
transformer.h.0.ln_1.weight,384,-3.742741346359253,8.379547450500905,-0.37982517,0.39318645,1.0351775,False,3500,3500_ckpt.pt
transformer.h.0.ln_2.weight,384,-4.147875785827637,1.942786934509317,-0.29097375,0.14077008,0.4837896,False,3500,3500_ckpt.pt
transformer.h.0.mlp.c_fc.weight,589824,-132.82034301757812,-0.9267106049964995,-224.17203,236.07068,1.0530782,False,3500,3500_ckpt.pt
transformer.h.0.mlp.c_proj.weight,589824,-0.05537017062306404,-1.0000078463031414,-690.86584,690.8434,0.9999675,False,3500,3500_ckpt.pt
transformer.h.1.attn.c_attn.weight,442368,73.8957290649414,0.5699904165910342,-14.463996,16.390167,1.13317,False,3500,3500_ckpt.pt
transformer.h.1.attn.c_proj.weight,147456,-3.6277620552027656e-07,-1.0000000127766595,-6.3656936,5.1125236,0.80313694,False,3500,3500_ckpt.pt
transformer.h.1.ln_1.weight,384,-3.131873607635498,-16.245703072823062,-0.33752552,0.39728034,1.177038,False,3500,3500_ckpt.pt
transformer.h.1.ln_2.weight,384,1.7705495357513428,-5.8805215004135505,-0.20374405,0.2699208,1.3248034,False,3500,3500_ckpt.pt
transformer.h.1.mlp.c_fc.weight,589824,129.42849731445312,-1.1742012550731291,-124.5647,151.8943,1.2194009,False,3500,3500_ckpt.pt
transformer.h.1.mlp.c_proj.weight,589824,-5.962680734228343e-05,-1.0000000786538483,-115.98344,153.01416,1.319276,False,3500,3500_ckpt.pt
transformer.h.2.attn.c_attn.weight,442368,96.04808807373047,-0.34998477239543324,-31.402088,30.06776,0.9575083,False,3500,3500_ckpt.pt
transformer.h.2.attn.c_proj.weight,147456,-7.72670549764598e-09,-1.000000000129456,-14.288877,16.642683,1.16473,False,3500,3500_ckpt.pt
transformer.h.2.ln_1.weight,384,0.3298995792865753,-0.4870415383953363,-0.20383263,0.32034487,1.5716074,False,3500,3500_ckpt.pt
transformer.h.2.ln_2.weight,384,0.7389476299285889,0.9244667813505595,-0.13509902,0.16388714,1.213089,False,3500,3500_ckpt.pt
transformer.h.2.mlp.c_fc.weight,589824,242.20925903320312,-0.8373195758164542,-163.1048,158.35522,0.9708802,False,3500,3500_ckpt.pt
transformer.h.2.mlp.c_proj.weight,589824,0.00043828782509081066,-1.0000117804453483,-109.23647,136.4246,1.2488924,False,3500,3500_ckpt.pt
transformer.h.3.attn.c_attn.weight,442368,296.9773864746094,4.684436842051196,-39.04478,49.481457,1.2673001,False,3500,3500_ckpt.pt
transformer.h.3.attn.c_proj.weight,147456,6.622005912504392e-07,-1.0000000369396511,-9.8531885,8.930268,0.90633285,False,3500,3500_ckpt.pt
transformer.h.3.ln_1.weight,384,-1.8900349140167236,108.47389449790028,-0.16897275,0.26491395,1.567791,True,3500,3500_ckpt.pt
transformer.h.3.ln_2.weight,384,0.3443422317504883,0.824135402751301,-0.09981709,0.07997787,0.80124426,False,3500,3500_ckpt.pt
transformer.h.3.mlp.c_fc.weight,589824,119.7137680053711,-0.9306072419238266,-168.78593,200.5356,1.1881061,False,3500,3500_ckpt.pt
transformer.h.3.mlp.c_proj.weight,589824,0.0005813888856209815,-1.0000012056938412,-81.561264,84.68207,1.0382633,False,3500,3500_ckpt.pt
transformer.h.4.attn.c_attn.weight,442368,487.602783203125,20.387690786584827,-66.98471,65.473335,0.977437,False,3500,3500_ckpt.pt
transformer.h.4.attn.c_proj.weight,147456,2.473607082720264e-06,-1.0000000334155206,-12.279426,12.3304405,1.0041544,False,3500,3500_ckpt.pt
transformer.h.4.ln_1.weight,384,-4.442620277404785,10.483407481538894,-0.29143956,0.18890496,0.6481788,False,3500,3500_ckpt.pt
transformer.h.4.ln_2.weight,384,0.07196228206157684,-1.1680671656225554,-0.13914888,0.111661434,0.8024602,False,3500,3500_ckpt.pt
transformer.h.4.mlp.c_fc.weight,589824,-214.22836303710938,-0.8347241603310405,-224.92683,382.21985,1.6993074,False,3500,3500_ckpt.pt
transformer.h.4.mlp.c_proj.weight,589824,0.0007766253547742963,-1.0001287805984727,-54.89977,73.58548,1.3403605,False,3500,3500_ckpt.pt
transformer.h.5.attn.c_attn.weight,442368,123.02816772460938,0.09785406601170976,-76.27851,66.46078,0.871291,False,3500,3500_ckpt.pt
transformer.h.5.attn.c_proj.weight,147456,6.673973018678225e-08,-0.9999999754983747,-7.463978,5.903257,0.7908996,False,3500,3500_ckpt.pt
transformer.h.5.ln_1.weight,384,1.1553276777267456,-14.562504715121785,-0.3506,0.15519431,0.44265348,False,3500,3500_ckpt.pt
transformer.h.5.ln_2.weight,384,0.023580625653266907,-0.9343984148834267,-0.17698,0.24069035,1.3599862,False,3500,3500_ckpt.pt
transformer.h.5.mlp.c_fc.weight,589824,131.5104522705078,-0.947471904592062,-222.25815,390.26242,1.755897,False,3500,3500_ckpt.pt
transformer.h.5.mlp.c_proj.weight,589824,0.00036887911846861243,-1.000003552199479,-5.452911,31.23379,5.727911,False,3500,3500_ckpt.pt
transformer.h.0.attn.c_attn.weight,442368,-2099.01513671875,19.944464033882838,-184.87425,252.99472,1.3684692,False,3750,3750_ckpt.pt
transformer.h.0.attn.c_proj.weight,147456,-9.021658797792043e-07,-0.9999999995231283,-241.34288,210.6818,0.87295634,False,3750,3750_ckpt.pt
transformer.h.0.ln_1.weight,384,-3.585616111755371,28.976760328474608,-0.35760224,0.38990998,1.0903455,False,3750,3750_ckpt.pt
transformer.h.0.ln_2.weight,384,-2.712918758392334,1.1984060992066123,-0.31288555,0.16846073,0.53841007,False,3750,3750_ckpt.pt
transformer.h.0.mlp.c_fc.weight,589824,-173.42276000976562,-0.8724071501018466,-205.19965,333.96988,1.6275363,False,3750,3750_ckpt.pt
transformer.h.0.mlp.c_proj.weight,589824,-0.06179963797330856,-1.0000081813608006,-708.5354,1143.167,1.6134225,False,3750,3750_ckpt.pt
transformer.h.1.attn.c_attn.weight,442368,110.86158752441406,0.6219027667151081,-16.072464,16.690155,1.0384316,False,3750,3750_ckpt.pt
transformer.h.1.attn.c_proj.weight,147456,2.873940445624612e-07,-0.9999999901534757,-6.33175,7.6398916,1.2066003,False,3750,3750_ckpt.pt
transformer.h.1.ln_1.weight,384,-0.3242725133895874,0.20017450256967279,-0.33117837,0.3695399,1.1158334,False,3750,3750_ckpt.pt
transformer.h.1.ln_2.weight,384,0.7609338760375977,-3.6930339868320323,-0.21650392,0.2929697,1.3531843,False,3750,3750_ckpt.pt
transformer.h.1.mlp.c_fc.weight,589824,135.70973205566406,-1.2467142383957586,-117.35019,230.9949,1.9684238,False,3750,3750_ckpt.pt
transformer.h.1.mlp.c_proj.weight,589824,-0.00025339360581710935,-1.0000001986857923,-110.597885,269.94775,2.440804,False,3750,3750_ckpt.pt
transformer.h.2.attn.c_attn.weight,442368,116.1850814819336,-0.1795413088669194,-28.879566,32.591633,1.1285361,False,3750,3750_ckpt.pt
transformer.h.2.attn.c_proj.weight,147456,-1.1029070989820866e-08,-1.0000000001275122,-13.508114,28.78561,2.1309867,False,3750,3750_ckpt.pt
transformer.h.2.ln_1.weight,384,0.04234012961387634,-0.9445911705843765,-0.20649149,0.27206942,1.3175818,False,3750,3750_ckpt.pt
transformer.h.2.ln_2.weight,384,1.0325286388397217,1.1427969856020153,-0.13530593,0.18775922,1.3876644,False,3750,3750_ckpt.pt
transformer.h.2.mlp.c_fc.weight,589824,356.1541748046875,-0.783794030237986,-151.10141,258.3804,1.7099801,False,3750,3750_ckpt.pt
transformer.h.2.mlp.c_proj.weight,589824,0.0002990442153532058,-0.9999993233380378,-100.89473,273.901,2.7147205,False,3750,3750_ckpt.pt
transformer.h.3.attn.c_attn.weight,442368,336.0173645019531,1.4546330716730524,-36.917027,49.052593,1.3287255,False,3750,3750_ckpt.pt
transformer.h.3.attn.c_proj.weight,147456,4.3467571231303737e-07,-0.9999999691087228,-9.108589,16.841429,1.8489612,False,3750,3750_ckpt.pt
transformer.h.3.ln_1.weight,384,-1.535856008529663,-7.570874764650837,-0.156426,0.25315645,1.6183784,False,3750,3750_ckpt.pt
transformer.h.3.ln_2.weight,384,0.31617075204849243,0.08267550382539804,-0.09116718,0.095708266,1.0498105,False,3750,3750_ckpt.pt
transformer.h.3.mlp.c_fc.weight,589824,150.11660766601562,-0.9264885294412741,-147.71611,386.20264,2.6144924,False,3750,3750_ckpt.pt
transformer.h.3.mlp.c_proj.weight,589824,0.0004981125239282846,-1.0000022538497444,-72.19733,168.06906,2.3279126,False,3750,3750_ckpt.pt
transformer.h.4.attn.c_attn.weight,442368,440.14801025390625,4.40176074974706,-64.78792,62.72145,0.9681041,False,3750,3750_ckpt.pt
transformer.h.4.attn.c_proj.weight,147456,1.9075177988270298e-06,-1.0000000664858122,-11.135577,24.189056,2.172232,False,3750,3750_ckpt.pt
transformer.h.4.ln_1.weight,384,-4.080026149749756,17.754302751838356,-0.28031328,0.18901983,0.67431635,False,3750,3750_ckpt.pt
transformer.h.4.ln_2.weight,384,-0.01759280264377594,-1.3318750937738433,-0.12805258,0.2223406,1.7363228,False,3750,3750_ckpt.pt
transformer.h.4.mlp.c_fc.weight,589824,-144.22689819335938,-2.8947471068602777,-206.38373,725.49634,3.5152788,False,3750,3750_ckpt.pt
transformer.h.4.mlp.c_proj.weight,589824,0.0007035047747194767,-0.999996217305245,-52.59507,158.82982,3.0198615,False,3750,3750_ckpt.pt
transformer.h.5.attn.c_attn.weight,442368,59.92310333251953,-0.6749897145692563,-74.522644,67.03787,0.8995638,False,3750,3750_ckpt.pt
transformer.h.5.attn.c_proj.weight,147456,3.9668972107165246e-08,-0.9999999978938577,-7.8147874,10.520683,1.3462533,False,3750,3750_ckpt.pt
transformer.h.5.ln_1.weight,384,1.0053839683532715,-22.605271037065897,-0.36594895,0.16020161,0.43777037,False,3750,3750_ckpt.pt
transformer.h.5.ln_2.weight,384,0.2525021731853485,-0.6661699628564046,-0.16568613,0.27236545,1.6438639,False,3750,3750_ckpt.pt
transformer.h.5.mlp.c_fc.weight,589824,118.19528198242188,-0.9622465657630432,-204.09868,758.47186,3.7162018,False,3750,3750_ckpt.pt
transformer.h.5.mlp.c_proj.weight,589824,0.000410733773605898,-1.0000176324370647,-5.5735044,59.847607,10.737877,False,3750,3750_ckpt.pt
transformer.h.0.attn.c_attn.weight,442368,-1477.1763916015625,6.683548495853982,-192.45183,258.83197,1.3449183,False,4000,4000_ckpt.pt
transformer.h.0.attn.c_proj.weight,147456,1.0839803508133627e-06,-1.0000000005589138,-250.91502,197.52449,0.78721666,False,4000,4000_ckpt.pt
transformer.h.0.ln_1.weight,384,-2.6659340858459473,-124.3471500012934,-0.36094657,0.41071144,1.1378733,False,4000,4000_ckpt.pt
transformer.h.0.ln_2.weight,384,-2.6221563816070557,1.1932233213270207,-0.30705073,0.16738145,0.5451264,False,4000,4000_ckpt.pt
transformer.h.0.mlp.c_fc.weight,589824,-183.16537475585938,-0.8611037284567242,-182.57368,310.3036,1.6996074,False,4000,4000_ckpt.pt
transformer.h.0.mlp.c_proj.weight,589824,-0.03508297726511955,-1.0000042776829365,-659.60297,1018.63403,1.5443139,False,4000,4000_ckpt.pt
transformer.h.1.attn.c_attn.weight,442368,105.459716796875,0.7102551608666077,-14.329406,18.09665,1.262903,False,4000,4000_ckpt.pt
transformer.h.1.attn.c_proj.weight,147456,-1.1021154477930395e-06,-1.000000032290352,-5.769153,7.581443,1.3141345,False,4000,4000_ckpt.pt
transformer.h.1.ln_1.weight,384,-0.3670286536216736,-1.6930927313937227,-0.3136986,0.38648388,1.232023,False,4000,4000_ckpt.pt
transformer.h.1.ln_2.weight,384,1.9544436931610107,-30.855531074613435,-0.20624793,0.35336867,1.7133199,False,4000,4000_ckpt.pt
transformer.h.1.mlp.c_fc.weight,589824,182.59408569335938,-1.7044273122944453,-109.66678,219.29883,1.9996834,False,4000,4000_ckpt.pt
transformer.h.1.mlp.c_proj.weight,589824,4.856895611737855e-05,-0.9999999656314833,-109.20876,245.76773,2.2504396,False,4000,4000_ckpt.pt
transformer.h.2.attn.c_attn.weight,442368,107.92727661132812,-0.3989830785977821,-29.096075,33.604248,1.154941,False,4000,4000_ckpt.pt
transformer.h.2.attn.c_proj.weight,147456,1.607220134758336e-08,-0.999999999857145,-12.490661,24.707499,1.9780778,False,4000,4000_ckpt.pt
transformer.h.2.ln_1.weight,384,0.8382883071899414,-0.015227611551113433,-0.20529632,0.2789805,1.3589162,False,4000,4000_ckpt.pt
transformer.h.2.ln_2.weight,384,1.2819104194641113,2.071100506804282,-0.12773363,0.1869617,1.4636842,False,4000,4000_ckpt.pt
transformer.h.2.mlp.c_fc.weight,589824,326.8389892578125,-0.8143745236537345,-151.71703,226.56609,1.4933465,False,4000,4000_ckpt.pt
transformer.h.2.mlp.c_proj.weight,589824,0.00021085658227093518,-0.9999997074759787,-96.648766,233.94455,2.4205642,False,4000,4000_ckpt.pt
transformer.h.3.attn.c_attn.weight,442368,341.38116455078125,0.8339249950008568,-37.447243,47.702057,1.273847,False,4000,4000_ckpt.pt
transformer.h.3.attn.c_proj.weight,147456,3.4447691632522037e-07,-0.9999999914809695,-9.202412,15.143375,1.6455877,False,4000,4000_ckpt.pt
transformer.h.3.ln_1.weight,384,-1.5046865940093994,-7.638692173301173,-0.1537321,0.24970806,1.6243064,False,4000,4000_ckpt.pt
transformer.h.3.ln_2.weight,384,0.3407057225704193,-0.0651131966245189,-0.09128521,0.096548215,1.0576545,False,4000,4000_ckpt.pt
transformer.h.3.mlp.c_fc.weight,589824,136.24249267578125,-0.9407468458646202,-146.43585,349.0113,2.3833733,False,4000,4000_ckpt.pt
transformer.h.3.mlp.c_proj.weight,589824,0.0007305023027583957,-0.9999677432636735,-74.850426,146.34714,1.9551945,False,4000,4000_ckpt.pt
transformer.h.4.attn.c_attn.weight,442368,403.8995666503906,2.2948255121105507,-66.43768,68.170616,1.0260836,False,4000,4000_ckpt.pt
transformer.h.4.attn.c_proj.weight,147456,1.934889041876886e-06,-1.0000003108691364,-10.78163,20.813398,1.9304502,False,4000,4000_ckpt.pt
transformer.h.4.ln_1.weight,384,-3.906886100769043,26.366764689837318,-0.274793,0.19272356,0.70134085,False,4000,4000_ckpt.pt
transformer.h.4.ln_2.weight,384,0.12212888896465302,-0.21253922983625004,-0.11673844,0.19342303,1.6568924,False,4000,4000_ckpt.pt
transformer.h.4.mlp.c_fc.weight,589824,-73.30181884765625,-1.2716249697437547,-203.67508,634.9085,3.1172616,False,4000,4000_ckpt.pt
transformer.h.4.mlp.c_proj.weight,589824,0.0004698742995969951,-0.9999975510584649,-51.036522,132.0112,2.5866027,False,4000,4000_ckpt.pt
transformer.h.5.attn.c_attn.weight,442368,179.61627197265625,0.2050405819478053,-72.71826,58.636414,0.8063506,False,4000,4000_ckpt.pt
transformer.h.5.attn.c_proj.weight,147456,2.824073774831959e-08,-0.9999999987353597,-7.145766,8.454066,1.1830875,False,4000,4000_ckpt.pt
transformer.h.5.ln_1.weight,384,1.0519921779632568,12.854196549056478,-0.34640723,0.15891328,0.458747,False,4000,4000_ckpt.pt
transformer.h.5.ln_2.weight,384,0.2549576163291931,-0.7293093824587026,-0.15822516,0.26166192,1.6537313,False,4000,4000_ckpt.pt
transformer.h.5.mlp.c_fc.weight,589824,191.44110107421875,-0.936221271553861,-213.09433,619.35736,2.906494,False,4000,4000_ckpt.pt
transformer.h.5.mlp.c_proj.weight,589824,0.00035420950734987855,-0.9999907639045971,-5.5010157,50.780975,9.2312,False,4000,4000_ckpt.pt
transformer.h.0.attn.c_attn.weight,442368,-1323.3575439453125,3.5630439958282745,-185.27452,273.82855,1.4779612,False,4250,4250_ckpt.pt
transformer.h.0.attn.c_proj.weight,147456,-8.287278205898474e-07,-0.9999999995866344,-251.67543,183.18042,0.7278439,False,4250,4250_ckpt.pt
transformer.h.0.ln_1.weight,384,-2.8619775772094727,-52.179156225432166,-0.3507836,0.4136806,1.1793044,False,4250,4250_ckpt.pt
transformer.h.0.ln_2.weight,384,-2.636671304702759,0.8292472566492483,-0.30301976,0.17355374,0.57274723,False,4250,4250_ckpt.pt
transformer.h.0.mlp.c_fc.weight,589824,-152.8037872314453,-0.9179317255680227,-180.40115,257.26978,1.4260982,False,4250,4250_ckpt.pt
transformer.h.0.mlp.c_proj.weight,589824,-0.07010927051305771,-1.0000088650659742,-633.0498,809.2732,1.278372,False,4250,4250_ckpt.pt
transformer.h.1.attn.c_attn.weight,442368,95.49386596679688,0.49273192088812906,-14.483719,18.609413,1.2848505,False,4250,4250_ckpt.pt
transformer.h.1.attn.c_proj.weight,147456,-8.161354116964503e-07,-1.0000000234852886,-5.9779925,5.814462,0.9726446,False,4250,4250_ckpt.pt
transformer.h.1.ln_1.weight,384,-1.9185032844543457,-7.935498608706893,-0.31998897,0.40947977,1.2796685,False,4250,4250_ckpt.pt
transformer.h.1.ln_2.weight,384,0.5114160180091858,-4.690390694647582,-0.22547264,0.29371384,1.3026584,False,4250,4250_ckpt.pt
transformer.h.1.mlp.c_fc.weight,589824,80.67587280273438,-1.169702948499508,-107.16681,176.04332,1.6427038,False,4250,4250_ckpt.pt
transformer.h.1.mlp.c_proj.weight,589824,-0.00038699014112353325,-1.0000003460531615,-106.84794,194.2941,1.818417,False,4250,4250_ckpt.pt
transformer.h.2.attn.c_attn.weight,442368,107.81187438964844,-0.44602633533528213,-31.27509,34.445293,1.1013652,False,4250,4250_ckpt.pt
transformer.h.2.attn.c_proj.weight,147456,3.14576098503494e-08,-0.9999999996650013,-13.833082,19.246153,1.3913134,False,4250,4250_ckpt.pt
transformer.h.2.ln_1.weight,384,0.6885775923728943,0.03463986963511576,-0.21207435,0.2956268,1.393977,False,4250,4250_ckpt.pt
transformer.h.2.ln_2.weight,384,1.1205953359603882,1.09499138483563,-0.14024624,0.17063372,1.2166723,False,4250,4250_ckpt.pt
transformer.h.2.mlp.c_fc.weight,589824,209.8402557373047,-0.8543665788166471,-154.70209,185.70932,1.200432,False,4250,4250_ckpt.pt
transformer.h.2.mlp.c_proj.weight,589824,0.0003369803598616272,-0.9999994218968516,-99.20845,176.42473,1.7783237,False,4250,4250_ckpt.pt
transformer.h.3.attn.c_attn.weight,442368,289.3039245605469,1.058989760403221,-37.669228,46.86005,1.2439876,False,4250,4250_ckpt.pt
transformer.h.3.attn.c_proj.weight,147456,2.238706429125159e-07,-0.9999999887063018,-9.522945,10.347097,1.0865438,False,4250,4250_ckpt.pt
transformer.h.3.ln_1.weight,384,-1.0884876251220703,-5.765586186762533,-0.15528512,0.24746707,1.5936303,False,4250,4250_ckpt.pt
transformer.h.3.ln_2.weight,384,0.3792479336261749,0.332538781496094,-0.09144832,0.08630696,0.9437785,False,4250,4250_ckpt.pt
transformer.h.3.mlp.c_fc.weight,589824,124.9262466430664,-0.9460716357676566,-149.48112,257.27142,1.7210964,False,4250,4250_ckpt.pt
transformer.h.3.mlp.c_proj.weight,589824,0.0006356138037517667,-1.0000128273753748,-76.87898,108.81295,1.4153796,False,4250,4250_ckpt.pt
transformer.h.4.attn.c_attn.weight,442368,439.37261962890625,2.086252362224203,-63.888306,63.465725,0.9933856,False,4250,4250_ckpt.pt
transformer.h.4.attn.c_proj.weight,147456,1.51979224938259e-06,-1.000001050548148,-10.441719,13.639259,1.3062273,False,4250,4250_ckpt.pt
transformer.h.4.ln_1.weight,384,-3.5943703651428223,33.77758750349562,-0.29073468,0.17352846,0.59686196,False,4250,4250_ckpt.pt
transformer.h.4.ln_2.weight,384,0.012176305055618286,-1.062970821449749,-0.12862481,0.14038645,1.0914414,False,4250,4250_ckpt.pt
transformer.h.4.mlp.c_fc.weight,589824,-173.04904174804688,2.261434192091571,-199.83176,483.33084,2.4186888,False,4250,4250_ckpt.pt
transformer.h.4.mlp.c_proj.weight,589824,0.000840665539726615,-0.9999957699344642,-53.921177,97.40579,1.8064479,False,4250,4250_ckpt.pt
transformer.h.5.attn.c_attn.weight,442368,175.27218627929688,0.11434885153344705,-73.67718,59.349953,0.80554056,False,4250,4250_ckpt.pt
transformer.h.5.attn.c_proj.weight,147456,5.8748227615978976e-08,-0.9999999968025325,-7.5598745,6.4540324,0.85372216,False,4250,4250_ckpt.pt
transformer.h.5.ln_1.weight,384,0.8026355504989624,-11.829921650719422,-0.3691252,0.15853328,0.42948377,False,4250,4250_ckpt.pt
transformer.h.5.ln_2.weight,384,0.19175174832344055,-0.7271287297430682,-0.17060165,0.23912694,1.4016683,False,4250,4250_ckpt.pt
transformer.h.5.mlp.c_fc.weight,589824,182.03341674804688,-0.9400264039441657,-210.63724,540.77655,2.5673358,False,4250,4250_ckpt.pt
transformer.h.5.mlp.c_proj.weight,589824,0.00033100805012509227,-0.9999524965699267,-5.6596704,43.858074,7.7492275,False,4250,4250_ckpt.pt
transformer.h.0.attn.c_attn.weight,442368,-1718.9395751953125,-41.96996712177241,-182.14238,283.3543,1.5556748,False,4500,4500_ckpt.pt
transformer.h.0.attn.c_proj.weight,147456,-8.502667014909093e-07,-0.9999999995823748,-244.01286,186.64987,0.76491815,False,4500,4500_ckpt.pt
transformer.h.0.ln_1.weight,384,-2.4664621353149414,-26.65710132181321,-0.3798601,0.43271238,1.1391362,False,4500,4500_ckpt.pt
transformer.h.0.ln_2.weight,384,-2.680873155593872,1.2567903125625794,-0.29058596,0.17064178,0.58723336,False,4500,4500_ckpt.pt
transformer.h.0.mlp.c_fc.weight,589824,-159.052490234375,-0.901627450597105,-178.63335,267.64355,1.4982843,False,4500,4500_ckpt.pt
transformer.h.0.mlp.c_proj.weight,589824,-0.03510012850165367,-1.0000042046343895,-639.14954,869.04333,1.3596871,False,4500,4500_ckpt.pt
transformer.h.1.attn.c_attn.weight,442368,91.01397705078125,0.3360739636643634,-14.284678,18.258945,1.2782189,False,4500,4500_ckpt.pt
transformer.h.1.attn.c_proj.weight,147456,-9.84698658612615e-07,-1.0000000258247284,-5.920815,6.156377,1.0397854,False,4500,4500_ckpt.pt
transformer.h.1.ln_1.weight,384,-1.796465277671814,-7.12275476812362,-0.32557732,0.39424393,1.2109072,False,4500,4500_ckpt.pt
transformer.h.1.ln_2.weight,384,0.9290775656700134,-6.812136725228759,-0.22130989,0.29374787,1.3273147,False,4500,4500_ckpt.pt
transformer.h.1.mlp.c_fc.weight,589824,68.73857116699219,-1.2343635189820572,-110.52591,191.68117,1.7342646,False,4500,4500_ckpt.pt
transformer.h.1.mlp.c_proj.weight,589824,-0.00029473239555954933,-1.0000002426749581,-108.3809,216.98314,2.0020423,False,4500,4500_ckpt.pt
transformer.h.2.attn.c_attn.weight,442368,113.26077270507812,-0.3668189519763123,-31.395329,34.260216,1.091252,False,4500,4500_ckpt.pt
transformer.h.2.attn.c_proj.weight,147456,1.915747915859356e-08,-0.9999999997935575,-14.069213,22.554976,1.603144,False,4500,4500_ckpt.pt
transformer.h.2.ln_1.weight,384,0.4829234480857849,-0.12313093797605092,-0.21143718,0.29855013,1.4120039,False,4500,4500_ckpt.pt
transformer.h.2.ln_2.weight,384,0.9531137943267822,2.074576134785542,-0.13458554,0.16093284,1.1957662,False,4500,4500_ckpt.pt
transformer.h.2.mlp.c_fc.weight,589824,185.8375244140625,-0.8859894953881646,-151.29523,208.92773,1.3809274,False,4500,4500_ckpt.pt
transformer.h.2.mlp.c_proj.weight,589824,6.30393042229116e-05,-0.9999999008452822,-100.90142,211.05626,2.0917075,False,4500,4500_ckpt.pt
transformer.h.3.attn.c_attn.weight,442368,303.3587646484375,0.7585178530252018,-36.44367,46.77233,1.2834145,False,4500,4500_ckpt.pt
transformer.h.3.attn.c_proj.weight,147456,4.4159361323181656e-07,-0.9999999797757746,-9.378597,12.456146,1.328146,False,4500,4500_ckpt.pt
transformer.h.3.ln_1.weight,384,-1.3841822147369385,-11.488468869614032,-0.15248859,0.24565193,1.6109529,False,4500,4500_ckpt.pt
transformer.h.3.ln_2.weight,384,0.37970781326293945,0.4034413870272414,-0.09144593,0.091973804,1.0057725,False,4500,4500_ckpt.pt
transformer.h.3.mlp.c_fc.weight,589824,132.7845458984375,-0.9417132902653961,-148.28719,310.9635,2.0970356,False,4500,4500_ckpt.pt
transformer.h.3.mlp.c_proj.weight,589824,0.0004296389233786613,-1.0000033794395515,-74.00004,129.27402,1.7469453,False,4500,4500_ckpt.pt
transformer.h.4.attn.c_attn.weight,442368,422.4936828613281,1.9303937712906132,-64.34498,64.56651,1.0034429,False,4500,4500_ckpt.pt
transformer.h.4.attn.c_proj.weight,147456,9.503111186859314e-07,-1.000000046875712,-10.554174,16.710876,1.5833428,False,4500,4500_ckpt.pt
transformer.h.4.ln_1.weight,384,-3.814054489135742,16.93011492301067,-0.28430316,0.18540913,0.6521529,False,4500,4500_ckpt.pt
transformer.h.4.ln_2.weight,384,-0.015798553824424744,-0.8837611058059704,-0.13205706,0.17157412,1.2992424,False,4500,4500_ckpt.pt
transformer.h.4.mlp.c_fc.weight,589824,-220.9757080078125,5.608021604865335,-200.5608,564.0813,2.81252,False,4500,4500_ckpt.pt
transformer.h.4.mlp.c_proj.weight,589824,0.0007310250657610595,-0.9999953457364044,-52.887733,113.44631,2.1450403,False,4500,4500_ckpt.pt
transformer.h.5.attn.c_attn.weight,442368,149.6009979248047,0.05045220356952599,-72.27224,57.533047,0.7960601,False,4500,4500_ckpt.pt
transformer.h.5.attn.c_proj.weight,147456,4.543433362869109e-08,-0.9999999977950714,-7.0615816,7.0569887,0.9993496,False,4500,4500_ckpt.pt
transformer.h.5.ln_1.weight,384,0.945578932762146,-49.6359969035989,-0.36325562,0.1608164,0.44270864,False,4500,4500_ckpt.pt
transformer.h.5.ln_2.weight,384,0.16162610054016113,-0.7909354967378507,-0.17170593,0.24037045,1.399896,False,4500,4500_ckpt.pt
transformer.h.5.mlp.c_fc.weight,589824,136.85939025878906,-0.957303618397406,-198.29648,575.8102,2.9037843,False,4500,4500_ckpt.pt
transformer.h.5.mlp.c_proj.weight,589824,0.00040698086377233267,-0.9999237916350029,-5.7729287,49.180634,8.519182,False,4500,4500_ckpt.pt
transformer.h.0.attn.c_attn.weight,442368,-1850.765869140625,8.829903055141978,-173.73373,278.52853,1.603192,False,4750,4750_ckpt.pt
transformer.h.0.attn.c_proj.weight,147456,-3.922818336832279e-07,-0.9999999998011821,-238.4166,186.75604,0.78331816,False,4750,4750_ckpt.pt
transformer.h.0.ln_1.weight,384,-2.1609554290771484,-47.918725658684565,-0.3680521,0.41713792,1.1333665,False,4750,4750_ckpt.pt
transformer.h.0.ln_2.weight,384,-2.44983172416687,1.1857146268049958,-0.28414622,0.1693726,0.59607553,False,4750,4750_ckpt.pt
transformer.h.0.mlp.c_fc.weight,589824,-168.07281494140625,-0.8980050599891585,-176.82362,270.99557,1.5325756,False,4750,4750_ckpt.pt
transformer.h.0.mlp.c_proj.weight,589824,-0.054126203060150146,-1.000006731138342,-620.94257,870.089,1.401239,False,4750,4750_ckpt.pt
transformer.h.1.attn.c_attn.weight,442368,84.92662048339844,0.30742993683281095,-14.162633,18.42894,1.3012369,False,4750,4750_ckpt.pt
transformer.h.1.attn.c_proj.weight,147456,-9.863314289759728e-07,-1.000000030938899,-5.692289,6.3200774,1.1102875,False,4750,4750_ckpt.pt
transformer.h.1.ln_1.weight,384,-1.7041772603988647,-7.837040664342165,-0.31694368,0.38480037,1.214097,False,4750,4750_ckpt.pt
transformer.h.1.ln_2.weight,384,0.9470289945602417,-10.648462804196562,-0.21720149,0.28657326,1.319389,False,4750,4750_ckpt.pt
transformer.h.1.mlp.c_fc.weight,589824,87.08016967773438,-1.3698115676988663,-107.57772,190.13481,1.7674181,False,4750,4750_ckpt.pt
transformer.h.1.mlp.c_proj.weight,589824,-0.0003611708525568247,-1.0000003134203541,-107.759575,216.50577,2.0091558,False,4750,4750_ckpt.pt
transformer.h.2.attn.c_attn.weight,442368,118.25125122070312,-0.2813458477500459,-30.613146,33.987766,1.1102344,False,4750,4750_ckpt.pt
transformer.h.2.attn.c_proj.weight,147456,1.4443736873204216e-08,-0.9999999998609651,-13.784326,22.37811,1.6234462,False,4750,4750_ckpt.pt
transformer.h.2.ln_1.weight,384,0.4877099096775055,-0.27672300493135205,-0.19511054,0.32635668,1.6726757,False,4750,4750_ckpt.pt
transformer.h.2.ln_2.weight,384,1.0372731685638428,1.710101848452295,-0.1339774,0.16342911,1.219826,False,4750,4750_ckpt.pt
transformer.h.2.mlp.c_fc.weight,589824,215.5078125,-0.8217887392032784,-149.89766,204.02274,1.3610802,False,4750,4750_ckpt.pt
transformer.h.2.mlp.c_proj.weight,589824,0.00019967526895925403,-0.9999996659159691,-98.28166,207.31474,2.1093938,False,4750,4750_ckpt.pt
transformer.h.3.attn.c_attn.weight,442368,291.7310485839844,0.5562520115380776,-36.17292,46.643703,1.2894647,False,4750,4750_ckpt.pt
transformer.h.3.attn.c_proj.weight,147456,9.450906190977548e-08,-0.9999999885154485,-9.439234,12.396411,1.3132857,False,4750,4750_ckpt.pt
transformer.h.3.ln_1.weight,384,-1.33488130569458,-7.640722034952657,-0.15233822,0.24419399,1.6029725,False,4750,4750_ckpt.pt
transformer.h.3.ln_2.weight,384,0.38284289836883545,0.24031089918211168,-0.090977974,0.0907451,0.99744034,False,4750,4750_ckpt.pt
transformer.h.3.mlp.c_fc.weight,589824,133.00946044921875,-0.9351518351933378,-147.50072,303.48538,2.057518,False,4750,4750_ckpt.pt
transformer.h.3.mlp.c_proj.weight,589824,0.0006796930683776736,-1.0000048278883178,-74.00121,126.96795,1.715755,False,4750,4750_ckpt.pt
transformer.h.4.attn.c_attn.weight,442368,422.74835205078125,1.6096540713758374,-63.96281,64.8809,1.0143534,False,4750,4750_ckpt.pt
transformer.h.4.attn.c_proj.weight,147456,1.3509198879546602e-06,-1.0000000516449414,-10.744965,17.02037,1.5840323,False,4750,4750_ckpt.pt
transformer.h.4.ln_1.weight,384,-3.8270208835601807,45.92960790144453,-0.28513286,0.18486062,0.6483315,False,4750,4750_ckpt.pt
transformer.h.4.ln_2.weight,384,-0.021951191127300262,-0.6926430751448831,-0.12983215,0.1709413,1.316633,False,4750,4750_ckpt.pt
transformer.h.4.mlp.c_fc.weight,589824,-218.1033935546875,1.952714698955598,-199.28033,560.10144,2.8106208,False,4750,4750_ckpt.pt
transformer.h.4.mlp.c_proj.weight,589824,0.0004260774585418403,-0.9999979828982699,-53.189026,113.5909,2.1356077,False,4750,4750_ckpt.pt
transformer.h.5.attn.c_attn.weight,442368,143.20530700683594,0.36403054255053796,-71.724014,56.650166,0.7898354,False,4750,4750_ckpt.pt
transformer.h.5.attn.c_proj.weight,147456,2.1126425053807907e-08,-0.9999999991276819,-7.2661877,7.1251373,0.98058814,False,4750,4750_ckpt.pt
transformer.h.5.ln_1.weight,384,0.8919309377670288,-22.26687117566485,-0.36527348,0.15878484,0.43470126,False,4750,4750_ckpt.pt
transformer.h.5.ln_2.weight,384,0.17725856602191925,-0.791533121112272,-0.17024812,0.24080501,1.4144356,False,4750,4750_ckpt.pt
transformer.h.5.mlp.c_fc.weight,589824,122.67935180664062,-0.9619202065359298,-202.39474,574.6465,2.8392363,False,4750,4750_ckpt.pt
transformer.h.5.mlp.c_proj.weight,589824,0.000354925577994436,-0.999988806055165,-5.6846447,49.319183,8.67586,False,4750,4750_ckpt.pt
transformer.h.0.attn.c_attn.weight,442368,-1871.6005859375,11.033623516625134,-173.33684,281.10028,1.6216996,False,5000,5000_ckpt.pt
transformer.h.0.attn.c_proj.weight,147456,-8.222135079449799e-07,-0.9999999995809425,-239.81909,189.66632,0.79087245,False,5000,5000_ckpt.pt
transformer.h.0.ln_1.weight,384,-2.0572493076324463,-18.40426528373344,-0.36331338,0.41955724,1.1548082,False,5000,5000_ckpt.pt
transformer.h.0.ln_2.weight,384,-2.385819911956787,0.9655767590231896,-0.28563833,0.17064601,0.59741986,False,5000,5000_ckpt.pt
transformer.h.0.mlp.c_fc.weight,589824,-167.45333862304688,-0.8927595217800276,-178.24673,273.44278,1.534069,False,5000,5000_ckpt.pt
transformer.h.0.mlp.c_proj.weight,589824,-0.03472471609711647,-1.0000042775841653,-618.8948,874.5142,1.4130257,False,5000,5000_ckpt.pt
transformer.h.1.attn.c_attn.weight,442368,87.66454315185547,0.457065931400999,-14.118937,18.572618,1.3154403,False,5000,5000_ckpt.pt
transformer.h.1.attn.c_proj.weight,147456,-6.617338499381731e-07,-1.0000000199022683,-5.672482,6.3582945,1.1209017,False,5000,5000_ckpt.pt
transformer.h.1.ln_1.weight,384,-1.5000193119049072,-4.845346538873877,-0.3160721,0.39019036,1.2344979,False,5000,5000_ckpt.pt
transformer.h.1.ln_2.weight,384,0.91831374168396,-9.915773282013511,-0.21695228,0.28898162,1.3320055,False,5000,5000_ckpt.pt
transformer.h.1.mlp.c_fc.weight,589824,93.09536743164062,-1.4440096851722974,-108.243004,189.95407,1.7548854,False,5000,5000_ckpt.pt
transformer.h.1.mlp.c_proj.weight,589824,-0.0002016305224969983,-1.0000001611030844,-108.25661,215.85367,1.9939076,False,5000,5000_ckpt.pt
transformer.h.2.attn.c_attn.weight,442368,118.23178100585938,-0.15633148094824426,-30.410675,34.018425,1.1186343,False,5000,5000_ckpt.pt
transformer.h.2.attn.c_proj.weight,147456,1.566426277577193e-08,-0.999999999852975,-13.753273,22.122402,1.6085191,False,5000,5000_ckpt.pt
transformer.h.2.ln_1.weight,384,0.4761015474796295,-0.3716920623279434,-0.19417702,0.32425794,1.669909,False,5000,5000_ckpt.pt
transformer.h.2.ln_2.weight,384,1.0302187204360962,1.2732018921125448,-0.13457002,0.16311108,1.2120907,False,5000,5000_ckpt.pt
transformer.h.2.mlp.c_fc.weight,589824,216.23997497558594,-0.8489145218222666,-152.11731,204.26677,1.342824,False,5000,5000_ckpt.pt
transformer.h.2.mlp.c_proj.weight,589824,0.00026796216843649745,-0.9999996321677227,-98.07908,206.16847,2.1020637,False,5000,5000_ckpt.pt
transformer.h.3.attn.c_attn.weight,442368,291.67376708984375,1.3879951224640088,-36.382343,46.789547,1.2860509,False,5000,5000_ckpt.pt
transformer.h.3.attn.c_proj.weight,147456,2.7704825811269984e-07,-0.9999999871952485,-9.56253,12.358704,1.2924094,False,5000,5000_ckpt.pt
transformer.h.3.ln_1.weight,384,-1.3134064674377441,-6.113094251558371,-0.15341541,0.24606931,1.6039413,False,5000,5000_ckpt.pt
transformer.h.3.ln_2.weight,384,0.3848589360713959,0.04050237658307495,-0.090974614,0.09080897,0.99817926,False,5000,5000_ckpt.pt
transformer.h.3.mlp.c_fc.weight,589824,133.43017578125,-0.931858574312511,-147.73633,301.5496,2.0411336,False,5000,5000_ckpt.pt
transformer.h.3.mlp.c_proj.weight,589824,0.000504840281791985,-1.0000068811885108,-73.83068,125.88462,1.7050449,False,5000,5000_ckpt.pt
transformer.h.4.attn.c_attn.weight,442368,424.7230529785156,1.7714540599235598,-64.028786,65.14063,1.0173647,False,5000,5000_ckpt.pt
transformer.h.4.attn.c_proj.weight,147456,9.361637012261781e-07,-1.00000005539409,-10.793774,16.915548,1.567158,False,5000,5000_ckpt.pt
transformer.h.4.ln_1.weight,384,-3.8168091773986816,28.6171097746854,-0.28496084,0.18553522,0.65109026,False,5000,5000_ckpt.pt
transformer.h.4.ln_2.weight,384,-0.017404310405254364,-0.802467571814953,-0.13071749,0.17126629,1.3102018,False,5000,5000_ckpt.pt
transformer.h.4.mlp.c_fc.weight,589824,-217.19032287597656,0.6896824473253023,-199.79929,561.37177,2.8096786,False,5000,5000_ckpt.pt
transformer.h.4.mlp.c_proj.weight,589824,0.0005024531856179237,-0.9999973728831266,-53.70949,113.78484,2.1185238,False,5000,5000_ckpt.pt
transformer.h.5.attn.c_attn.weight,442368,140.5629119873047,-0.08879813279767734,-72.378265,56.85371,0.78550804,False,5000,5000_ckpt.pt
transformer.h.5.attn.c_proj.weight,147456,-9.452987281832748e-10,-1.0000000000484195,-7.315134,7.117204,0.9729424,False,5000,5000_ckpt.pt
transformer.h.5.ln_1.weight,384,0.9174053072929382,14.846839009010424,-0.3668227,0.1594425,0.43465823,False,5000,5000_ckpt.pt
transformer.h.5.ln_2.weight,384,0.16182322800159454,-0.7455712018058341,-0.17102306,0.2399849,1.4032313,False,5000,5000_ckpt.pt
transformer.h.5.mlp.c_fc.weight,589824,119.66754150390625,-0.9581150544463735,-201.09515,576.05756,2.8646019,False,5000,5000_ckpt.pt
transformer.h.5.mlp.c_proj.weight,589824,0.0003150582197122276,-0.9999842398203144,-5.70453,49.331482,8.647774,False,5000,5000_ckpt.pt
